inx,value,variable,name
2013-01-01,0.115439683198929,ET,a
2013-01-01,1.84446454048157,GPP,a
2013-01-01,0.115439683198929,LE,a
2013-01-01,0.0492677316069603,Rainf,a
2014-01-01,0.157548621296883,ET,a
2014-01-01,1.89327001571655,GPP,a
2014-01-01,0.157548621296883,LE,a
2014-01-01,0.0061465622857213,Rainf,a
2015-01-01,0.20899997651577,ET,a
2015-01-01,1.8249386548996,GPP,a
2015-01-01,0.20899997651577,LE,a
2015-01-01,0.0511407181620598,Rainf,a
2016-01-01,0.183656215667725,ET,a
2016-01-01,1.8803778886795,GPP,a
2016-01-01,0.183656215667725,LE,a
2016-01-01,0.039488960057497,Rainf,a
2017-01-01,0.137357160449028,ET,a
2017-01-01,1.79339492321014,GPP,a
2017-01-01,0.137357160449028,LE,a
2017-01-01,0.00710436841472983,Rainf,a
2018-01-01,0.220567852258682,ET,a
2018-01-01,1.8092622756958,GPP,a
2018-01-01,0.220567852258682,LE,a
2018-01-01,0.0413590781390667,Rainf,a
2019-01-01,0.209345206618309,ET,a
2019-01-01,1.90567791461945,GPP,a
2019-01-01,0.209345206618309,LE,a
2019-01-01,0.011364477686584,Rainf,a
2013-01-15,0.241274550557137,ET,a
2013-01-15,1.98154771327972,GPP,a
2013-01-15,0.241274550557137,LE,a
2013-01-15,0.145904794335365,Rainf,a
2014-01-15,0.214666932821274,ET,a
2014-01-15,1.99923467636108,GPP,a
2014-01-15,0.214666932821274,LE,a
2014-01-15,0.028037503361702,Rainf,a
2015-01-15,0.215025797486305,ET,a
2015-01-15,2.00819826126099,GPP,a
2015-01-15,0.215025797486305,LE,a
2015-01-15,0.0207365825772285,Rainf,a
2016-01-15,0.124143116176128,ET,a
2016-01-15,1.9592627286911,GPP,a
2016-01-15,0.124143116176128,LE,a
2016-01-15,0,Rainf,a
2017-01-15,0.610219419002533,ET,a
2017-01-15,1.9540821313858,GPP,a
2017-01-15,0.610219419002533,LE,a
2017-01-15,0.543881177902222,Rainf,a
2018-01-15,0.194345116615295,ET,a
2018-01-15,1.99551463127136,GPP,a
2018-01-15,0.194345116615295,LE,a
2018-01-15,0,Rainf,a
2019-01-15,0.277846366167069,ET,a
2019-01-15,2.00155353546143,GPP,a
2019-01-15,0.277846366167069,LE,a
2019-01-15,0,Rainf,a
2013-02-01,0.152563512325287,ET,a
2013-02-01,2.08246493339539,GPP,a
2013-02-01,0.152563512325287,LE,a
2013-02-01,0.0321539044380188,Rainf,a
2014-02-01,0.240054979920387,ET,a
2014-02-01,2.07043313980103,GPP,a
2014-02-01,0.240054979920387,LE,a
2014-02-01,0.0934027135372162,Rainf,a
2015-02-01,0.290308564901352,ET,a
2015-02-01,2.19679021835327,GPP,a
2015-02-01,0.290308564901352,LE,a
2015-02-01,0,Rainf,a
2016-02-01,0.358792394399643,ET,a
2016-02-01,2.17828464508057,GPP,a
2016-02-01,0.358792394399643,LE,a
2016-02-01,0.118363380432129,Rainf,a
2017-02-01,0.33645161986351,ET,a
2017-02-01,2.23075342178345,GPP,a
2017-02-01,0.33645161986351,LE,a
2017-02-01,0.0851990059018135,Rainf,a
2018-02-01,0.261542230844498,ET,a
2018-02-01,2.2923219203949,GPP,a
2018-02-01,0.261542230844498,LE,a
2018-02-01,0,Rainf,a
2019-02-01,0.366836130619049,ET,a
2019-02-01,1.96635472774506,GPP,a
2019-02-01,0.366836130619049,LE,a
2019-02-01,0.178015530109406,Rainf,a
2013-02-15,0.412509441375732,ET,a
2013-02-15,2.28328084945679,GPP,a
2013-02-15,0.412509441375732,LE,a
2013-02-15,0.218461215496063,Rainf,a
2014-02-15,0.489192456007004,ET,a
2014-02-15,2.22017025947571,GPP,a
2014-02-15,0.489192456007004,LE,a
2014-02-15,0.296465009450913,Rainf,a
2015-02-15,1.00235617160797,ET,a
2015-02-15,2.29964709281921,GPP,a
2015-02-15,1.00235617160797,LE,a
2015-02-15,0.845418334007263,Rainf,a
2016-02-15,0.36535769701004,ET,a
2016-02-15,2.394775390625,GPP,a
2016-02-15,0.36535769701004,LE,a
2016-02-15,0.0912250429391861,Rainf,a
2017-02-15,0.288615018129349,ET,a
2017-02-15,2.32169461250305,GPP,a
2017-02-15,0.288615018129349,LE,a
2017-02-15,0,Rainf,a
2018-02-15,0.306740432977676,ET,a
2018-02-15,2.40767812728882,GPP,a
2018-02-15,0.306740432977676,LE,a
2018-02-15,0,Rainf,a
2019-02-15,0.340971678495407,ET,a
2019-02-15,2.39046311378479,GPP,a
2019-02-15,0.340971678495407,LE,a
2019-02-15,2.64738482655957e-05,Rainf,a
2013-03-01,0.43543928861618,ET,a
2013-03-01,2.76354837417603,GPP,a
2013-03-01,0.43543928861618,LE,a
2013-03-01,0.0891011655330658,Rainf,a
2014-03-01,0.406225830316544,ET,a
2014-03-01,2.6116828918457,GPP,a
2014-03-01,0.406225830316544,LE,a
2014-03-01,0.0284249223768711,Rainf,a
2015-03-01,0.396958947181702,ET,a
2015-03-01,2.69719314575195,GPP,a
2015-03-01,0.396958947181702,LE,a
2015-03-01,0,Rainf,a
2016-03-01,0.374008148908615,ET,a
2016-03-01,2.61084294319153,GPP,a
2016-03-01,0.374008148908615,LE,a
2016-03-01,0,Rainf,a
2017-03-01,0.447703123092651,ET,a
2017-03-01,2.83673429489136,GPP,a
2017-03-01,0.447703123092651,LE,a
2017-03-01,0,Rainf,a
2018-03-01,0.520710170269013,ET,a
2018-03-01,2.60085225105286,GPP,a
2018-03-01,0.520710170269013,LE,a
2018-03-01,0.167436003684998,Rainf,a
2019-03-01,0.489451915025711,ET,a
2019-03-01,2.75480556488037,GPP,a
2019-03-01,0.489451915025711,LE,a
2019-03-01,0,Rainf,a
2013-03-15,0.661914229393005,ET,a
2013-03-15,2.84696793556213,GPP,a
2013-03-15,0.661914229393005,LE,a
2013-03-15,0.277463048696518,Rainf,a
2014-03-15,0.771835207939148,ET,a
2014-03-15,2.85596370697022,GPP,a
2014-03-15,0.771835207939148,LE,a
2014-03-15,0.20916485786438,Rainf,a
2015-03-15,0.596794068813324,ET,a
2015-03-15,2.8160445690155,GPP,a
2015-03-15,0.596794068813324,LE,a
2015-03-15,0.0173581130802631,Rainf,a
2016-03-15,0.566192746162415,ET,a
2016-03-15,2.76175880432129,GPP,a
2016-03-15,0.566192746162415,LE,a
2016-03-15,0,Rainf,a
2017-03-15,0.934405148029327,ET,a
2017-03-15,2.7850124835968,GPP,a
2017-03-15,0.934405148029327,LE,a
2017-03-15,0.513534247875214,Rainf,a
2018-03-15,0.561146795749664,ET,a
2018-03-15,2.62183141708374,GPP,a
2018-03-15,0.561146795749664,LE,a
2018-03-15,0,Rainf,a
2019-03-15,0.741023898124695,ET,a
2019-03-15,2.77839374542236,GPP,a
2019-03-15,0.741023898124695,LE,a
2019-03-15,0.175839513540268,Rainf,a
2013-04-01,0.537061154842377,ET,a
2013-04-01,3.04515647888184,GPP,a
2013-04-01,0.537061154842377,LE,a
2013-04-01,0.0174639020115137,Rainf,a
2014-04-01,1.65371644496918,ET,a
2014-04-01,2.99770307540894,GPP,a
2014-04-01,1.65371644496918,LE,a
2014-04-01,0.976892828941345,Rainf,a
2015-04-01,2.43475294113159,ET,a
2015-04-01,2.98060011863709,GPP,a
2015-04-01,2.43475294113159,LE,a
2015-04-01,2.39170598983765,Rainf,a
2016-04-01,1.16319811344147,ET,a
2016-04-01,2.75944900512695,GPP,a
2016-04-01,1.16319811344147,LE,a
2016-04-01,0.583627343177795,Rainf,a
2017-04-01,1.16114556789398,ET,a
2017-04-01,3.39995241165161,GPP,a
2017-04-01,1.16114556789398,LE,a
2017-04-01,0.499768137931824,Rainf,a
2018-04-01,2.24246335029602,ET,a
2018-04-01,3.27713108062744,GPP,a
2018-04-01,2.24246335029602,LE,a
2018-04-01,2.05287933349609,Rainf,a
2019-04-01,0.967927932739258,ET,a
2019-04-01,2.93344736099243,GPP,a
2019-04-01,0.967927932739258,LE,a
2019-04-01,0.317753911018372,Rainf,a
2013-04-15,0.89672577381134,ET,a
2013-04-15,3.09126496315002,GPP,a
2013-04-15,0.89672577381134,LE,a
2013-04-15,0.15408681333065,Rainf,a
2014-04-15,1.01935470104218,ET,a
2014-04-15,2.95197033882141,GPP,a
2014-04-15,1.01935470104218,LE,a
2014-04-15,0.208024680614471,Rainf,a
2015-04-15,0.883938848972321,ET,a
2015-04-15,2.25660634040833,GPP,a
2015-04-15,0.883938848972321,LE,a
2015-04-15,0,Rainf,a
2016-04-15,1.29448568820953,ET,a
2016-04-15,2.46831750869751,GPP,a
2016-04-15,1.29448568820953,LE,a
2016-04-15,0.482958734035492,Rainf,a
2017-04-15,1.03197801113129,ET,a
2017-04-15,2.80265688896179,GPP,a
2017-04-15,1.03197801113129,LE,a
2017-04-15,0.00508270692080259,Rainf,a
2018-04-15,1.48357129096985,ET,a
2018-04-15,2.78958463668823,GPP,a
2018-04-15,1.48357129096985,LE,a
2018-04-15,0.559794545173645,Rainf,a
2019-04-15,3.05991315841675,ET,a
2019-04-15,2.88586759567261,GPP,a
2019-04-15,3.05991315841675,LE,a
2019-04-15,2.67725324630737,Rainf,a
2013-05-01,2.58725595474243,ET,a
2013-05-01,2.58026075363159,GPP,a
2013-05-01,2.58725595474243,LE,a
2013-05-01,1.71272742748261,Rainf,a
2014-05-01,2.92953085899353,ET,a
2014-05-01,2.8156361579895,GPP,a
2014-05-01,2.92953085899353,LE,a
2014-05-01,2.0787844657898,Rainf,a
2015-05-01,3.53017044067383,ET,a
2015-05-01,2.75094246864319,GPP,a
2015-05-01,3.53017044067383,LE,a
2015-05-01,3.20519661903381,Rainf,a
2016-05-01,3.79167914390564,ET,a
2016-05-01,2.60608577728272,GPP,a
2016-05-01,3.79167914390564,LE,a
2016-05-01,5.02189302444458,Rainf,a
2017-05-01,2.49602365493774,ET,a
2017-05-01,2.35936093330383,GPP,a
2017-05-01,2.49602365493774,LE,a
2017-05-01,1.49022841453552,Rainf,a
2018-05-01,3.49034023284912,ET,a
2018-05-01,2.30272030830383,GPP,a
2018-05-01,3.49034023284912,LE,a
2018-05-01,2.66405534744263,Rainf,a
2019-05-01,3.12651634216309,ET,a
2019-05-01,2.18447208404541,GPP,a
2019-05-01,3.12651634216309,LE,a
2019-05-01,2.23128867149353,Rainf,a
2013-05-15,1.25079345703125,ET,a
2013-05-15,2.21412205696106,GPP,a
2013-05-15,1.25079345703125,LE,a
2013-05-15,0.281861156225204,Rainf,a
2014-05-15,2.61943125724793,ET,a
2014-05-15,1.72761917114258,GPP,a
2014-05-15,2.61943125724793,LE,a
2014-05-15,1.54999232292175,Rainf,a
2015-05-15,2.23611927032471,ET,a
2015-05-15,1.57298803329468,GPP,a
2015-05-15,2.23611927032471,LE,a
2015-05-15,1.05834472179413,Rainf,a
2016-05-15,1.36071312427521,ET,a
2016-05-15,1.77139782905579,GPP,a
2016-05-15,1.36071312427521,LE,a
2016-05-15,0.271569520235062,Rainf,a
2017-05-15,3.19979381561279,ET,a
2017-05-15,1.93999862670898,GPP,a
2017-05-15,3.19979381561279,LE,a
2017-05-15,2.17888951301575,Rainf,a
2018-05-15,1.88450813293457,ET,a
2018-05-15,1.4736533164978,GPP,a
2018-05-15,1.88450813293457,LE,a
2018-05-15,0.773638129234314,Rainf,a
2019-05-15,3.14217710494995,ET,a
2019-05-15,1.15113258361816,GPP,a
2019-05-15,3.14217710494995,LE,a
2019-05-15,2.02616357803345,Rainf,a
2013-06-01,1.49573016166687,ET,a
2013-06-01,2.57411003112793,GPP,a
2013-06-01,1.49573016166687,LE,a
2013-06-01,0.495872139930725,Rainf,a
2014-06-01,2.30295181274414,ET,a
2014-06-01,2.89450216293335,GPP,a
2014-06-01,2.30295181274414,LE,a
2014-06-01,1.3271427154541,Rainf,a
2015-06-01,4.12409257888794,ET,a
2015-06-01,2.80564475059509,GPP,a
2015-06-01,4.12409257888794,LE,a
2015-06-01,3.31442070007324,Rainf,a
2016-06-01,2.6643340587616,ET,a
2016-06-01,2.40106010437012,GPP,a
2016-06-01,2.6643340587616,LE,a
2016-06-01,1.67474400997162,Rainf,a
2017-06-01,1.30462920665741,ET,a
2017-06-01,2.84357738494873,GPP,a
2017-06-01,1.30462920665741,LE,a
2017-06-01,0,Rainf,a
2018-06-01,1.88605523109436,ET,a
2018-06-01,1.65666520595551,GPP,a
2018-06-01,1.88605523109436,LE,a
2018-06-01,0.780096113681793,Rainf,a
2019-06-01,2.34404182434082,ET,a
2019-06-01,2.50629544258118,GPP,a
2019-06-01,2.34404182434082,LE,a
2019-06-01,1.0078296661377,Rainf,a
2013-06-15,4.58897352218628,ET,a
2013-06-15,2.54882383346558,GPP,a
2013-06-15,4.58897352218628,LE,a
2013-06-15,5.02149343490601,Rainf,a
2014-06-15,3.98230743408203,ET,a
2014-06-15,2.8758819103241,GPP,a
2014-06-15,3.98230743408203,LE,a
2014-06-15,3.1805202960968,Rainf,a
2015-06-15,1.25236451625824,ET,a
2015-06-15,3.0960259437561,GPP,a
2015-06-15,1.25236451625824,LE,a
2015-06-15,0,Rainf,a
2016-06-15,3.10520172119141,ET,a
2016-06-15,1.92452001571655,GPP,a
2016-06-15,3.10520172119141,LE,a
2016-06-15,2.09024381637573,Rainf,a
2017-06-15,3.44152736663818,ET,a
2017-06-15,3.32994532585144,GPP,a
2017-06-15,3.44152736663818,LE,a
2017-06-15,2.29115152359009,Rainf,a
2018-06-15,1.19402086734772,ET,a
2018-06-15,1.16604173183441,GPP,a
2018-06-15,1.19402086734772,LE,a
2018-06-15,0,Rainf,a
2019-06-15,1.34574949741364,ET,a
2019-06-15,1.85126209259033,GPP,a
2019-06-15,1.34574949741364,LE,a
2019-06-15,0,Rainf,a
2013-07-01,5.39155292510986,ET,a
2013-07-01,2.90254235267639,GPP,a
2013-07-01,5.39155292510986,LE,a
2013-07-01,10.7028408050537,Rainf,a
2014-07-01,4.05016183853149,ET,a
2014-07-01,2.40870714187622,GPP,a
2014-07-01,4.05016183853149,LE,a
2014-07-01,3.31464576721191,Rainf,a
2015-07-01,3.81256008148193,ET,a
2015-07-01,2.9865140914917,GPP,a
2015-07-01,3.81256008148193,LE,a
2015-07-01,2.68838000297546,Rainf,a
2016-07-01,2.62118268013001,ET,a
2016-07-01,2.48233342170715,GPP,a
2016-07-01,2.62118268013001,LE,a
2016-07-01,1.67188704013824,Rainf,a
2017-07-01,4.59762716293335,ET,a
2017-07-01,3.58651804924011,GPP,a
2017-07-01,4.59762716293335,LE,a
2017-07-01,5.94474363327026,Rainf,a
2018-07-01,4.39831113815308,ET,a
2018-07-01,2.70562529563904,GPP,a
2018-07-01,4.39831113815308,LE,a
2018-07-01,6.03575372695923,Rainf,a
2019-07-01,4.32186079025269,ET,a
2019-07-01,2.31202411651611,GPP,a
2019-07-01,4.32186079025269,LE,a
2019-07-01,5.28521156311035,Rainf,a
2013-07-15,4.08973407745361,ET,a
2013-07-15,2.74612331390381,GPP,a
2013-07-15,4.08973407745361,LE,a
2013-07-15,3.35667157173157,Rainf,a
2014-07-15,3.22253441810608,ET,a
2014-07-15,2.3945677280426,GPP,a
2014-07-15,3.22253441810608,LE,a
2014-07-15,2.26272082328796,Rainf,a
2015-07-15,5.03793144226074,ET,a
2015-07-15,3.78571152687073,GPP,a
2015-07-15,5.03793144226074,LE,a
2015-07-15,7.93059206008911,Rainf,a
2016-07-15,5.63005876541138,ET,a
2016-07-15,3.11925435066223,GPP,a
2016-07-15,5.63005876541138,LE,a
2016-07-15,13.0605230331421,Rainf,a
2017-07-15,3.73960185050964,ET,a
2017-07-15,3.14109921455383,GPP,a
2017-07-15,3.73960185050964,LE,a
2017-07-15,3.655597448349,Rainf,a
2018-07-15,6.39447832107544,ET,a
2018-07-15,2.32888984680176,GPP,a
2018-07-15,6.39447832107544,LE,a
2018-07-15,13.7223310470581,Rainf,a
2019-07-15,4.54357004165649,ET,a
2019-07-15,1.93697214126587,GPP,a
2019-07-15,4.54357004165649,LE,a
2019-07-15,5.35466146469116,Rainf,a
2013-08-01,4.11213827133179,ET,a
2013-08-01,2.55061149597168,GPP,a
2013-08-01,4.11213827133179,LE,a
2013-08-01,3.43222212791443,Rainf,a
2014-08-01,3.92503499984741,ET,a
2014-08-01,2.65650129318237,GPP,a
2014-08-01,3.92503499984741,LE,a
2014-08-01,3.28403949737549,Rainf,a
2015-08-01,2.96388363838196,ET,a
2015-08-01,2.97102642059326,GPP,a
2015-08-01,2.96388363838196,LE,a
2015-08-01,1.7126567363739,Rainf,a
2016-08-01,4.11119699478149,ET,a
2016-08-01,2.64217138290405,GPP,a
2016-08-01,4.11119699478149,LE,a
2016-08-01,4.62552881240845,Rainf,a
2017-08-01,4.77890777587891,ET,a
2017-08-01,2.06522440910339,GPP,a
2017-08-01,4.77890777587891,LE,a
2017-08-01,7.2680778503418,Rainf,a
2018-08-01,5.1327805519104,ET,a
2018-08-01,1.91152131557465,GPP,a
2018-08-01,5.1327805519104,LE,a
2018-08-01,8.53642845153809,Rainf,a
2019-08-01,4.45458269119263,ET,a
2019-08-01,2.50094676017761,GPP,a
2019-08-01,4.45458269119263,LE,a
2019-08-01,7.1745228767395,Rainf,a
2013-08-15,3.3461184501648,ET,a
2013-08-15,2.57244968414307,GPP,a
2013-08-15,3.3461184501648,LE,a
2013-08-15,2.55542874336243,Rainf,a
2014-08-15,2.35197591781616,ET,a
2014-08-15,2.64652228355408,GPP,a
2014-08-15,2.35197591781616,LE,a
2014-08-15,1.42860758304596,Rainf,a
2015-08-15,3.95360398292542,ET,a
2015-08-15,3.15802478790283,GPP,a
2015-08-15,3.95360398292542,LE,a
2015-08-15,3.95740723609924,Rainf,a
2016-08-15,0.932350277900696,ET,a
2016-08-15,2.47756218910217,GPP,a
2016-08-15,0.932350277900696,LE,a
2016-08-15,0.0482965745031834,Rainf,a
2017-08-15,4.00945234298706,ET,a
2017-08-15,2.80299353599548,GPP,a
2017-08-15,4.00945234298706,LE,a
2017-08-15,5.22522497177124,Rainf,a
2018-08-15,1.06203067302704,ET,a
2018-08-15,2.07419204711914,GPP,a
2018-08-15,1.06203067302704,LE,a
2018-08-15,0.0349604859948158,Rainf,a
2019-08-15,1.75218343734741,ET,a
2019-08-15,1.85034966468811,GPP,a
2019-08-15,1.75218343734741,LE,a
2019-08-15,0.458645313978195,Rainf,a
2013-09-01,1.24943768978119,ET,a
2013-09-01,2.92258048057556,GPP,a
2013-09-01,1.24943768978119,LE,a
2013-09-01,0.486275762319565,Rainf,a
2014-09-01,2.83103919029236,ET,a
2014-09-01,3.11304330825806,GPP,a
2014-09-01,2.83103919029236,LE,a
2014-09-01,2.62642693519592,Rainf,a
2015-09-01,2.82784271240234,ET,a
2015-09-01,2.79458045959473,GPP,a
2015-09-01,2.82784271240234,LE,a
2015-09-01,3.15550947189331,Rainf,a
2016-09-01,2.06704092025757,ET,a
2016-09-01,2.30840539932251,GPP,a
2016-09-01,2.06704092025757,LE,a
2016-09-01,1.2614871263504,Rainf,a
2017-09-01,1.11267256736755,ET,a
2017-09-01,2.36777067184448,GPP,a
2017-09-01,1.11267256736755,LE,a
2017-09-01,0,Rainf,a
2018-09-01,1.04630863666534,ET,a
2018-09-01,2.32154631614685,GPP,a
2018-09-01,1.04630863666534,LE,a
2018-09-01,0.0207538083195686,Rainf,a
2019-09-01,1.5023672580719,ET,a
2019-09-01,1.41340529918671,GPP,a
2019-09-01,1.5023672580719,LE,a
2019-09-01,0.595633745193481,Rainf,a
2013-09-15,1.21595776081085,ET,a
2013-09-15,3.06747937202454,GPP,a
2013-09-15,1.21595776081085,LE,a
2013-09-15,0.586843073368073,Rainf,a
2014-09-15,1.90179288387299,ET,a
2014-09-15,3.20342779159546,GPP,a
2014-09-15,1.90179288387299,LE,a
2014-09-15,1.42991864681244,Rainf,a
2015-09-15,2.07446670532227,ET,a
2015-09-15,2.99158382415772,GPP,a
2015-09-15,2.07446670532227,LE,a
2015-09-15,1.41667079925537,Rainf,a
2016-09-15,1.44356727600098,ET,a
2016-09-15,2.67196464538574,GPP,a
2016-09-15,1.44356727600098,LE,a
2016-09-15,0.794881165027618,Rainf,a
2017-09-15,1.18265175819397,ET,a
2017-09-15,2.70981192588806,GPP,a
2017-09-15,1.18265175819397,LE,a
2017-09-15,0.158619597554207,Rainf,a
2018-09-15,0.925151288509369,ET,a
2018-09-15,3.12364077568054,GPP,a
2018-09-15,0.925151288509369,LE,a
2018-09-15,0,Rainf,a
2019-09-15,0.907417416572571,ET,a
2019-09-15,1.99819898605347,GPP,a
2019-09-15,0.907417416572571,LE,a
2019-09-15,0,Rainf,a
2013-10-01,1.54679977893829,ET,a
2013-10-01,2.59665822982788,GPP,a
2013-10-01,1.54679977893829,LE,a
2013-10-01,1.03742027282715,Rainf,a
2014-10-01,0.581944406032562,ET,a
2014-10-01,2.73485827445984,GPP,a
2014-10-01,0.581944406032562,LE,a
2014-10-01,0.0819708332419395,Rainf,a
2015-10-01,1.20720863342285,ET,a
2015-10-01,2.65163826942444,GPP,a
2015-10-01,1.20720863342285,LE,a
2015-10-01,0.478476703166962,Rainf,a
2016-10-01,1.87951636314392,ET,a
2016-10-01,2.40546202659607,GPP,a
2016-10-01,1.87951636314392,LE,a
2016-10-01,2.41907691955566,Rainf,a
2017-10-01,2.424471616745,ET,a
2017-10-01,2.60312676429749,GPP,a
2017-10-01,2.424471616745,LE,a
2017-10-01,4.88390064239502,Rainf,a
2018-10-01,1.26596879959106,ET,a
2018-10-01,3.15510153770447,GPP,a
2018-10-01,1.26596879959106,LE,a
2018-10-01,0.42018324136734,Rainf,a
2019-10-01,1.35396945476532,ET,a
2019-10-01,2.26613354682922,GPP,a
2019-10-01,1.35396945476532,LE,a
2019-10-01,0.743980288505554,Rainf,a
2013-10-15,0.648066222667694,ET,a
2013-10-15,2.50592565536499,GPP,a
2013-10-15,0.648066222667694,LE,a
2013-10-15,0.225345820188522,Rainf,a
2014-10-15,1.65480649471283,ET,a
2014-10-15,2.42479348182678,GPP,a
2014-10-15,1.65480649471283,LE,a
2014-10-15,1.63797616958618,Rainf,a
2015-10-15,1.50600135326386,ET,a
2015-10-15,2.65574431419373,GPP,a
2015-10-15,1.50600135326386,LE,a
2015-10-15,1.29548156261444,Rainf,a
2016-10-15,1.61903607845306,ET,a
2016-10-15,2.04337453842163,GPP,a
2016-10-15,1.61903607845306,LE,a
2016-10-15,2.59285950660706,Rainf,a
2017-10-15,0.568312764167786,ET,a
2017-10-15,2.74794435501099,GPP,a
2017-10-15,0.568312764167786,LE,a
2017-10-15,0.110608525574207,Rainf,a
2018-10-15,1.09338474273682,ET,a
2018-10-15,3.18490791320801,GPP,a
2018-10-15,1.09338474273682,LE,a
2018-10-15,0.480267822742462,Rainf,a
2019-10-15,0.929958343505859,ET,a
2019-10-15,2.38445043563843,GPP,a
2019-10-15,0.929958343505859,LE,a
2019-10-15,0.423204958438873,Rainf,a
2013-11-01,0.417754530906677,ET,a
2013-11-01,2.26265287399292,GPP,a
2013-11-01,0.417754530906677,LE,a
2013-11-01,0.0524380840361118,Rainf,a
2014-11-01,0.538441956043243,ET,a
2014-11-01,2.13077187538147,GPP,a
2014-11-01,0.538441956043243,LE,a
2014-11-01,0.226042613387108,Rainf,a
2015-11-01,1.25475537776947,ET,a
2015-11-01,1.83114302158356,GPP,a
2015-11-01,1.25475537776947,LE,a
2015-11-01,1.81055390834808,Rainf,a
2016-11-01,0.254780977964401,ET,a
2016-11-01,2.10723185539246,GPP,a
2016-11-01,0.254780977964401,LE,a
2016-11-01,0,Rainf,a
2017-11-01,0.446115285158157,ET,a
2017-11-01,2.53441023826599,GPP,a
2017-11-01,0.446115285158157,LE,a
2017-11-01,0,Rainf,a
2018-11-01,0.478159636259079,ET,a
2018-11-01,2.97707653045654,GPP,a
2018-11-01,0.478159636259079,LE,a
2018-11-01,0,Rainf,a
2019-11-01,0.408481299877167,ET,a
2019-11-01,2.35409688949585,GPP,a
2019-11-01,0.408481299877167,LE,a
2019-11-01,0,Rainf,a
2013-11-15,0.349130660295486,ET,a
2013-11-15,2.036696434021,GPP,a
2013-11-15,0.349130660295486,LE,a
2013-11-15,0.123777270317078,Rainf,a
2014-11-15,0.298036694526672,ET,a
2014-11-15,1.96160006523132,GPP,a
2014-11-15,0.298036694526672,LE,a
2014-11-15,0.0463145039975643,Rainf,a
2015-11-15,0.298861861228943,ET,a
2015-11-15,1.57339608669281,GPP,a
2015-11-15,0.298861861228943,LE,a
2015-11-15,0.319234371185303,Rainf,a
2016-11-15,0.539631009101868,ET,a
2016-11-15,1.81976866722107,GPP,a
2016-11-15,0.539631009101868,LE,a
2016-11-15,0.488395571708679,Rainf,a
2017-11-15,0.280887007713318,ET,a
2017-11-15,2.15199518203735,GPP,a
2017-11-15,0.280887007713318,LE,a
2017-11-15,0,Rainf,a
2018-11-15,0.414928942918777,ET,a
2018-11-15,2.8974404335022,GPP,a
2018-11-15,0.414928942918777,LE,a
2018-11-15,0,Rainf,a
2019-11-15,0.61723256111145,ET,a
2019-11-15,1.97084975242615,GPP,a
2019-11-15,0.61723256111145,LE,a
2019-11-15,0.461115181446075,Rainf,a
2013-12-01,0.196159720420837,ET,a
2013-12-01,1.9306515455246,GPP,a
2013-12-01,0.196159720420837,LE,a
2013-12-01,0,Rainf,a
2014-12-01,0.276746153831482,ET,a
2014-12-01,1.85825312137604,GPP,a
2014-12-01,0.276746153831482,LE,a
2014-12-01,0.126912787556648,Rainf,a
2015-12-01,0.296917915344238,ET,a
2015-12-01,1.83214068412781,GPP,a
2015-12-01,0.296917915344238,LE,a
2015-12-01,0.1989706158638,Rainf,a
2016-12-01,0.185176551342011,ET,a
2016-12-01,1.92329931259155,GPP,a
2016-12-01,0.185176551342011,LE,a
2016-12-01,0.00108872761484236,Rainf,a
2017-12-01,0.249218448996544,ET,a
2017-12-01,2.03744912147522,GPP,a
2017-12-01,0.249218448996544,LE,a
2017-12-01,7.79423044150462e-06,Rainf,a
2018-12-01,0.654404103755951,ET,a
2018-12-01,2.69973802566528,GPP,a
2018-12-01,0.654404103755951,LE,a
2018-12-01,0.458327233791351,Rainf,a
2019-12-01,0.534793078899384,ET,a
2019-12-01,2.13453674316406,GPP,a
2019-12-01,0.534793078899384,LE,a
2019-12-01,0.383775293827057,Rainf,a
2013-12-15,0.147758886218071,ET,a
2013-12-15,1.81508111953735,GPP,a
2013-12-15,0.147758886218071,LE,a
2013-12-15,0.00761304050683975,Rainf,a
2014-12-15,0.286413013935089,ET,a
2014-12-15,1.85774230957031,GPP,a
2014-12-15,0.286413013935089,LE,a
2014-12-15,0.132276222109795,Rainf,a
2015-12-15,0.177683487534523,ET,a
2015-12-15,1.81035828590393,GPP,a
2015-12-15,0.177683487534523,LE,a
2015-12-15,0,Rainf,a
2016-12-15,0.192590713500977,ET,a
2016-12-15,1.81197834014893,GPP,a
2016-12-15,0.192590713500977,LE,a
2016-12-15,0.0250826589763165,Rainf,a
2017-12-15,0.257345467805862,ET,a
2017-12-15,1.98754262924194,GPP,a
2017-12-15,0.257345467805862,LE,a
2017-12-15,0,Rainf,a
2018-12-15,0.309152454137802,ET,a
2018-12-15,2.66086912155151,GPP,a
2018-12-15,0.309152454137802,LE,a
2018-12-15,0,Rainf,a
2019-12-15,0.374498158693314,ET,a
2019-12-15,2.03542304039001,GPP,a
2019-12-15,0.374498158693314,LE,a
2019-12-15,0.269980639219284,Rainf,a
2013-01-01,0.111347377300262,ET,c
2013-01-01,1.8816454410553,GPP,c
2013-01-01,0.111347377300262,LE,c
2013-01-01,0.0463176295161247,Rainf,c
2014-01-01,0.156790673732758,ET,c
2014-01-01,1.930992603302,GPP,c
2014-01-01,0.156790673732758,LE,c
2014-01-01,0.00572727341204882,Rainf,c
2015-01-01,0.208322867751122,ET,c
2015-01-01,1.86197340488434,GPP,c
2015-01-01,0.208322867751122,LE,c
2015-01-01,0.0449246130883694,Rainf,c
2016-01-01,0.192449137568474,ET,c
2016-01-01,1.92145502567291,GPP,c
2016-01-01,0.192449137568474,LE,c
2016-01-01,0.0459264181554318,Rainf,c
2017-01-01,0.138843148946762,ET,c
2017-01-01,1.81775379180908,GPP,c
2017-01-01,0.138843148946762,LE,c
2017-01-01,0.0089748427271843,Rainf,c
2018-01-01,0.212148800492287,ET,c
2018-01-01,1.82794797420502,GPP,c
2018-01-01,0.212148800492287,LE,c
2018-01-01,0.0301144421100616,Rainf,c
2019-01-01,0.209241852164269,ET,c
2019-01-01,1.92836153507233,GPP,c
2019-01-01,0.209241852164269,LE,c
2019-01-01,0.011570455506444,Rainf,c
2013-01-15,0.243211343884468,ET,c
2013-01-15,2.02134895324707,GPP,c
2013-01-15,0.243211343884468,LE,c
2013-01-15,0.149729743599892,Rainf,c
2014-01-15,0.211906358599663,ET,c
2014-01-15,2.04023385047913,GPP,c
2014-01-15,0.211906358599663,LE,c
2014-01-15,0.0265193656086922,Rainf,c
2015-01-15,0.214022472500801,ET,c
2015-01-15,2.04576301574707,GPP,c
2015-01-15,0.214022472500801,LE,c
2015-01-15,0.0213786084204912,Rainf,c
2016-01-15,0.123628251254559,ET,c
2016-01-15,2.00360417366028,GPP,c
2016-01-15,0.123628251254559,LE,c
2016-01-15,0,Rainf,c
2017-01-15,0.661165118217468,ET,c
2017-01-15,1.98367285728455,GPP,c
2017-01-15,0.661165118217468,LE,c
2017-01-15,0.554295539855957,Rainf,c
2018-01-15,0.191556245088577,ET,c
2018-01-15,2.01704716682434,GPP,c
2018-01-15,0.191556245088577,LE,c
2018-01-15,0,Rainf,c
2019-01-15,0.276120662689209,ET,c
2019-01-15,2.02269625663757,GPP,c
2019-01-15,0.276120662689209,LE,c
2019-01-15,0,Rainf,c
2013-02-01,0.150081187486649,ET,c
2013-02-01,2.12363076210022,GPP,c
2013-02-01,0.150081187486649,LE,c
2013-02-01,0.0324768126010895,Rainf,c
2014-02-01,0.241994470357895,ET,c
2014-02-01,2.11289668083191,GPP,c
2014-02-01,0.241994470357895,LE,c
2014-02-01,0.099588617682457,Rainf,c
2015-02-01,0.285708725452423,ET,c
2015-02-01,2.24394297599792,GPP,c
2015-02-01,0.285708725452423,LE,c
2015-02-01,0,Rainf,c
2016-02-01,0.305134385824204,ET,c
2016-02-01,2.2182195186615,GPP,c
2016-02-01,0.305134385824204,LE,c
2016-02-01,0.0654769986867905,Rainf,c
2017-02-01,0.376311123371124,ET,c
2017-02-01,2.26478886604309,GPP,c
2017-02-01,0.376311123371124,LE,c
2017-02-01,0.125459656119347,Rainf,c
2018-02-01,0.254934519529343,ET,c
2018-02-01,2.2647557258606,GPP,c
2018-02-01,0.254934519529343,LE,c
2018-02-01,0,Rainf,c
2019-02-01,0.383961796760559,ET,c
2019-02-01,2.00536561012268,GPP,c
2019-02-01,0.383961796760559,LE,c
2019-02-01,0.191388726234436,Rainf,c
2013-02-15,0.409867525100708,ET,c
2013-02-15,2.33002519607544,GPP,c
2013-02-15,0.409867525100708,LE,c
2013-02-15,0.219253540039063,Rainf,c
2014-02-15,0.481457054615021,ET,c
2014-02-15,2.26816296577454,GPP,c
2014-02-15,0.481457054615021,LE,c
2014-02-15,0.294431537389755,Rainf,c
2015-02-15,1.01513755321503,ET,c
2015-02-15,2.34708452224731,GPP,c
2015-02-15,1.01513755321503,LE,c
2015-02-15,0.815516829490662,Rainf,c
2016-02-15,0.374080091714859,ET,c
2016-02-15,2.4362530708313,GPP,c
2016-02-15,0.374080091714859,LE,c
2016-02-15,0.100710213184357,Rainf,c
2017-02-15,0.286655575037003,ET,c
2017-02-15,2.35814142227173,GPP,c
2017-02-15,0.286655575037003,LE,c
2017-02-15,0,Rainf,c
2018-02-15,0.298725068569183,ET,c
2018-02-15,2.37627458572388,GPP,c
2018-02-15,0.298725068569183,LE,c
2018-02-15,0,Rainf,c
2019-02-15,0.342095464468002,ET,c
2019-02-15,2.43654203414917,GPP,c
2019-02-15,0.342095464468002,LE,c
2019-02-15,0,Rainf,c
2013-03-01,0.421197205781937,ET,c
2013-03-01,2.73559093475342,GPP,c
2013-03-01,0.421197205781937,LE,c
2013-03-01,0.0918526723980904,Rainf,c
2014-03-01,0.397246748209,ET,c
2014-03-01,2.66897225379944,GPP,c
2014-03-01,0.397246748209,LE,c
2014-03-01,0.026944762095809,Rainf,c
2015-03-01,0.386626303195953,ET,c
2015-03-01,2.75577116012573,GPP,c
2015-03-01,0.386626303195953,LE,c
2015-03-01,0,Rainf,c
2016-03-01,0.372201889753342,ET,c
2016-03-01,2.65937495231628,GPP,c
2016-03-01,0.372201889753342,LE,c
2016-03-01,0,Rainf,c
2017-03-01,0.439052909612656,ET,c
2017-03-01,2.82875156402588,GPP,c
2017-03-01,0.439052909612656,LE,c
2017-03-01,0,Rainf,c
2018-03-01,0.534099876880646,ET,c
2018-03-01,2.66414833068848,GPP,c
2018-03-01,0.534099876880646,LE,c
2018-03-01,0.192379131913185,Rainf,c
2019-03-01,0.48904076218605,ET,c
2019-03-01,2.81373476982117,GPP,c
2019-03-01,0.48904076218605,LE,c
2019-03-01,0,Rainf,c
2013-03-15,0.630793333053589,ET,c
2013-03-15,2.82184481620789,GPP,c
2013-03-15,0.630793333053589,LE,c
2013-03-15,0.265772998332977,Rainf,c
2014-03-15,0.758395433425903,ET,c
2014-03-15,2.92457938194275,GPP,c
2014-03-15,0.758395433425903,LE,c
2014-03-15,0.207619413733482,Rainf,c
2015-03-15,0.627882122993469,ET,c
2015-03-15,2.88434839248657,GPP,c
2015-03-15,0.627882122993469,LE,c
2015-03-15,0.0640829205513001,Rainf,c
2016-03-15,0.563410699367523,ET,c
2016-03-15,2.81887149810791,GPP,c
2016-03-15,0.563410699367523,LE,c
2016-03-15,0,Rainf,c
2017-03-15,0.952208995819092,ET,c
2017-03-15,2.77837133407593,GPP,c
2017-03-15,0.952208995819092,LE,c
2017-03-15,0.542003512382507,Rainf,c
2018-03-15,0.544859945774078,ET,c
2018-03-15,2.68664145469666,GPP,c
2018-03-15,0.544859945774078,LE,c
2018-03-15,0,Rainf,c
2019-03-15,0.812647581100464,ET,c
2019-03-15,2.83321261405945,GPP,c
2019-03-15,0.812647581100464,LE,c
2019-03-15,0.249058023095131,Rainf,c
2013-04-01,0.507686674594879,ET,c
2013-04-01,3.00551152229309,GPP,c
2013-04-01,0.507686674594879,LE,c
2013-04-01,0.0199322924017906,Rainf,c
2014-04-01,1.57904756069183,ET,c
2014-04-01,2.95393371582031,GPP,c
2014-04-01,1.57904756069183,LE,c
2014-04-01,0.956827580928802,Rainf,c
2015-04-01,2.51351404190064,ET,c
2015-04-01,2.98251390457153,GPP,c
2015-04-01,2.51351404190064,LE,c
2015-04-01,2.41982746124268,Rainf,c
2016-04-01,1.16055750846863,ET,c
2016-04-01,2.81663274765015,GPP,c
2016-04-01,1.16055750846863,LE,c
2016-04-01,0.586255550384522,Rainf,c
2017-04-01,1.14035069942474,ET,c
2017-04-01,3.15211296081543,GPP,c
2017-04-01,1.14035069942474,LE,c
2017-04-01,0.528594732284546,Rainf,c
2018-04-01,2.31123495101929,ET,c
2018-04-01,3.05028223991394,GPP,c
2018-04-01,2.31123495101929,LE,c
2018-04-01,2.08695769309998,Rainf,c
2019-04-01,0.938318431377411,ET,c
2019-04-01,2.88350796699524,GPP,c
2019-04-01,0.938318431377411,LE,c
2019-04-01,0.311820536851883,Rainf,c
2013-04-15,0.845025181770325,ET,c
2013-04-15,3.0523533821106,GPP,c
2013-04-15,0.845025181770325,LE,c
2013-04-15,0.150414675474167,Rainf,c
2014-04-15,0.980289041996002,ET,c
2014-04-15,2.91024518013001,GPP,c
2014-04-15,0.980289041996002,LE,c
2014-04-15,0.238974869251251,Rainf,c
2015-04-15,0.864894449710846,ET,c
2015-04-15,2.24565958976746,GPP,c
2015-04-15,0.864894449710846,LE,c
2015-04-15,0,Rainf,c
2016-04-15,1.31632840633392,ET,c
2016-04-15,2.51221680641174,GPP,c
2016-04-15,1.31632840633392,LE,c
2016-04-15,0.514186978340149,Rainf,c
2017-04-15,0.972410142421722,ET,c
2017-04-15,2.55314302444458,GPP,c
2017-04-15,0.972410142421722,LE,c
2017-04-15,0.0291390586644411,Rainf,c
2018-04-15,1.45392680168152,ET,c
2018-04-15,2.57838320732117,GPP,c
2018-04-15,1.45392680168152,LE,c
2018-04-15,0.601705551147461,Rainf,c
2019-04-15,3.13423657417297,ET,c
2019-04-15,2.83687901496887,GPP,c
2019-04-15,3.13423657417297,LE,c
2019-04-15,2.68959736824036,Rainf,c
2013-05-01,2.4920859336853,ET,c
2013-05-01,2.5328369140625,GPP,c
2013-05-01,2.4920859336853,LE,c
2013-05-01,1.67071068286896,Rainf,c
2014-05-01,2.9525101184845,ET,c
2014-05-01,2.76706981658936,GPP,c
2014-05-01,2.9525101184845,LE,c
2014-05-01,2.16944050788879,Rainf,c
2015-05-01,3.56079506874084,ET,c
2015-05-01,2.63625502586365,GPP,c
2015-05-01,3.56079506874084,LE,c
2015-05-01,3.22084546089172,Rainf,c
2016-05-01,3.82622075080872,ET,c
2016-05-01,2.56526041030884,GPP,c
2016-05-01,3.82622075080872,LE,c
2016-05-01,5.0212345123291,Rainf,c
2017-05-01,2.41186285018921,ET,c
2017-05-01,2.23080182075501,GPP,c
2017-05-01,2.41186285018921,LE,c
2017-05-01,1.48444247245789,Rainf,c
2018-05-01,3.50802230834961,ET,c
2018-05-01,2.22779750823975,GPP,c
2018-05-01,3.50802230834961,LE,c
2018-05-01,2.69892811775208,Rainf,c
2019-05-01,3.11771535873413,ET,c
2019-05-01,1.91180348396301,GPP,c
2019-05-01,3.11771535873413,LE,c
2019-05-01,2.23016619682312,Rainf,c
2013-05-15,1.21687757968903,ET,c
2013-05-15,2.16716313362122,GPP,c
2013-05-15,1.21687757968903,LE,c
2013-05-15,0.314534097909927,Rainf,c
2014-05-15,2.42244720458984,ET,c
2014-05-15,1.66129183769226,GPP,c
2014-05-15,2.42244720458984,LE,c
2014-05-15,1.45262432098389,Rainf,c
2015-05-15,2.14556264877319,ET,c
2015-05-15,1.47376680374146,GPP,c
2015-05-15,2.14556264877319,LE,c
2015-05-15,1.09854185581207,Rainf,c
2016-05-15,1.23887932300568,ET,c
2016-05-15,1.72320759296417,GPP,c
2016-05-15,1.23887932300568,LE,c
2016-05-15,0.270930796861649,Rainf,c
2017-05-15,3.16579437255859,ET,c
2017-05-15,1.83332479000092,GPP,c
2017-05-15,3.16579437255859,LE,c
2017-05-15,2.18865609169006,Rainf,c
2018-05-15,1.75491034984589,ET,c
2018-05-15,1.40021347999573,GPP,c
2018-05-15,1.75491034984589,LE,c
2018-05-15,0.757509768009186,Rainf,c
2019-05-15,3.0359935760498,ET,c
2019-05-15,0.924817562103271,GPP,c
2019-05-15,3.0359935760498,LE,c
2019-05-15,1.9728262424469,Rainf,c
2013-06-01,1.37767803668976,ET,c
2013-06-01,2.53503108024597,GPP,c
2013-06-01,1.37767803668976,LE,c
2013-06-01,0.48569318652153,Rainf,c
2014-06-01,2.15640878677368,ET,c
2014-06-01,2.75357151031494,GPP,c
2014-06-01,2.15640878677368,LE,c
2014-06-01,1.30143547058105,Rainf,c
2015-06-01,4.12754154205322,ET,c
2015-06-01,2.5608344078064,GPP,c
2015-06-01,4.12754154205322,LE,c
2015-06-01,3.3270697593689,Rainf,c
2016-06-01,2.57261061668396,ET,c
2016-06-01,2.35810995101929,GPP,c
2016-06-01,2.57261061668396,LE,c
2016-06-01,1.69078600406647,Rainf,c
2017-06-01,1.09423005580902,ET,c
2017-06-01,2.47970247268677,GPP,c
2017-06-01,1.09423005580902,LE,c
2017-06-01,0,Rainf,c
2018-06-01,1.72689044475555,ET,c
2018-06-01,1.41924798488617,GPP,c
2018-06-01,1.72689044475555,LE,c
2018-06-01,0.806057333946228,Rainf,c
2019-06-01,2.19606828689575,ET,c
2019-06-01,2.20604157447815,GPP,c
2019-06-01,2.19606828689575,LE,c
2019-06-01,1.06436717510223,Rainf,c
2013-06-15,4.63528728485107,ET,c
2013-06-15,2.51925206184387,GPP,c
2013-06-15,4.63528728485107,LE,c
2013-06-15,5.01369905471802,Rainf,c
2014-06-15,3.97117781639099,ET,c
2014-06-15,2.73786163330078,GPP,c
2014-06-15,3.97117781639099,LE,c
2014-06-15,3.18129086494446,Rainf,c
2015-06-15,1.08550441265106,ET,c
2015-06-15,2.84628939628601,GPP,c
2015-06-15,1.08550441265106,LE,c
2015-06-15,0,Rainf,c
2016-06-15,3.08883666992188,ET,c
2016-06-15,1.86913657188416,GPP,c
2016-06-15,3.08883666992188,LE,c
2016-06-15,2.17609763145447,Rainf,c
2017-06-15,3.33328819274902,ET,c
2017-06-15,2.91706418991089,GPP,c
2017-06-15,3.33328819274902,LE,c
2017-06-15,2.31299352645874,Rainf,c
2018-06-15,0.989704191684723,ET,c
2018-06-15,0.939080417156219,GPP,c
2018-06-15,0.989704191684723,LE,c
2018-06-15,0,Rainf,c
2019-06-15,1.13823044300079,ET,c
2019-06-15,1.60336399078369,GPP,c
2019-06-15,1.13823044300079,LE,c
2019-06-15,0,Rainf,c
2013-07-01,5.62082195281982,ET,c
2013-07-01,2.88246059417725,GPP,c
2013-07-01,5.62082195281982,LE,c
2013-07-01,10.7588968276978,Rainf,c
2014-07-01,4.07617044448853,ET,c
2014-07-01,2.28490829467773,GPP,c
2014-07-01,4.07617044448853,LE,c
2014-07-01,3.33739423751831,Rainf,c
2015-07-01,3.71172666549683,ET,c
2015-07-01,2.74875950813293,GPP,c
2015-07-01,3.71172666549683,LE,c
2015-07-01,2.64321208000183,Rainf,c
2016-07-01,2.42953681945801,ET,c
2016-07-01,2.44567489624023,GPP,c
2016-07-01,2.42953681945801,LE,c
2016-07-01,1.57206249237061,Rainf,c
2017-07-01,4.63203620910645,ET,c
2017-07-01,3.16976952552795,GPP,c
2017-07-01,4.63203620910645,LE,c
2017-07-01,5.93624782562256,Rainf,c
2018-07-01,4.48425817489624,ET,c
2018-07-01,2.40046048164368,GPP,c
2018-07-01,4.48425817489624,LE,c
2018-07-01,5.93336343765259,Rainf,c
2019-07-01,4.33205938339233,ET,c
2019-07-01,2.02113938331604,GPP,c
2019-07-01,4.33205938339233,LE,c
2019-07-01,5.28418493270874,Rainf,c
2013-07-15,4.08039999008179,ET,c
2013-07-15,2.72322821617126,GPP,c
2013-07-15,4.08039999008179,LE,c
2013-07-15,3.32831573486328,Rainf,c
2014-07-15,3.11618423461914,ET,c
2014-07-15,2.27568483352661,GPP,c
2014-07-15,3.11618423461914,LE,c
2014-07-15,2.24627828598022,Rainf,c
2015-07-15,5.18465423583984,ET,c
2015-07-15,3.51702690124512,GPP,c
2015-07-15,5.18465423583984,LE,c
2015-07-15,8.01233196258545,Rainf,c
2016-07-15,5.94618272781372,ET,c
2016-07-15,3.10716080665588,GPP,c
2016-07-15,5.94618272781372,LE,c
2016-07-15,13.2587671279907,Rainf,c
2017-07-15,3.74192571640015,ET,c
2017-07-15,2.76425695419312,GPP,c
2017-07-15,3.74192571640015,LE,c
2017-07-15,3.66893720626831,Rainf,c
2018-07-15,6.74077033996582,ET,c
2018-07-15,2.02114319801331,GPP,c
2018-07-15,6.74077033996582,LE,c
2018-07-15,13.9235773086548,Rainf,c
2019-07-15,4.5944414138794,ET,c
2019-07-15,1.70336651802063,GPP,c
2019-07-15,4.5944414138794,LE,c
2019-07-15,5.43844366073608,Rainf,c
2013-08-01,4.13566064834595,ET,c
2013-08-01,2.52685952186584,GPP,c
2013-08-01,4.13566064834595,LE,c
2013-08-01,3.40377449989319,Rainf,c
2014-08-01,3.96618056297302,ET,c
2014-08-01,2.53406858444214,GPP,c
2014-08-01,3.96618056297302,LE,c
2014-08-01,3.32103729248047,Rainf,c
2015-08-01,2.86549973487854,ET,c
2015-08-01,2.73676371574402,GPP,c
2015-08-01,2.86549973487854,LE,c
2015-08-01,1.74946069717407,Rainf,c
2016-08-01,4.1685585975647,ET,c
2016-08-01,2.62466478347778,GPP,c
2016-08-01,4.1685585975647,LE,c
2016-08-01,4.69414901733398,Rainf,c
2017-08-01,4.83703947067261,ET,c
2017-08-01,1.73567628860474,GPP,c
2017-08-01,4.83703947067261,LE,c
2017-08-01,7.27570724487305,Rainf,c
2018-08-01,5.33485269546509,ET,c
2018-08-01,1.64421725273132,GPP,c
2018-08-01,5.33485269546509,LE,c
2018-08-01,8.70575618743897,Rainf,c
2019-08-01,4.5635576248169,ET,c
2019-08-01,2.21599555015564,GPP,c
2019-08-01,4.5635576248169,LE,c
2019-08-01,7.1974778175354,Rainf,c
2013-08-15,3.35316276550293,ET,c
2013-08-15,2.54708337783814,GPP,c
2013-08-15,3.35316276550293,LE,c
2013-08-15,2.59026694297791,Rainf,c
2014-08-15,2.21669864654541,ET,c
2014-08-15,2.52682399749756,GPP,c
2014-08-15,2.21669864654541,LE,c
2014-08-15,1.40006482601166,Rainf,c
2015-08-15,3.99160814285278,ET,c
2015-08-15,2.92542147636414,GPP,c
2015-08-15,3.99160814285278,LE,c
2015-08-15,4.01588678359985,Rainf,c
2016-08-15,0.798827528953552,ET,c
2016-08-15,2.45945191383362,GPP,c
2016-08-15,0.798827528953552,LE,c
2016-08-15,0,Rainf,c
2017-08-15,4.05729913711548,ET,c
2017-08-15,2.43820810317993,GPP,c
2017-08-15,4.05729913711548,LE,c
2017-08-15,5.34219551086426,Rainf,c
2018-08-15,0.863073766231537,ET,c
2018-08-15,1.79079222679138,GPP,c
2018-08-15,0.863073766231537,LE,c
2018-08-15,0,Rainf,c
2019-08-15,1.60846281051636,ET,c
2019-08-15,1.5928008556366,GPP,c
2019-08-15,1.60846281051636,LE,c
2019-08-15,0.504119515419006,Rainf,c
2013-09-01,1.19637191295624,ET,c
2013-09-01,2.7550003528595,GPP,c
2013-09-01,1.19637191295624,LE,c
2013-09-01,0.498300552368164,Rainf,c
2014-09-01,2.90139889717102,ET,c
2014-09-01,2.84322261810303,GPP,c
2014-09-01,2.90139889717102,LE,c
2014-09-01,2.69375538825989,Rainf,c
2015-09-01,2.89636564254761,ET,c
2015-09-01,2.5686023235321,GPP,c
2015-09-01,2.89636564254761,LE,c
2015-09-01,3.18058824539185,Rainf,c
2016-09-01,1.92956030368805,ET,c
2016-09-01,2.28513860702515,GPP,c
2016-09-01,1.92956030368805,LE,c
2016-09-01,1.19099247455597,Rainf,c
2017-09-01,0.957985818386078,ET,c
2017-09-01,2.03850936889648,GPP,c
2017-09-01,0.957985818386078,LE,c
2017-09-01,0,Rainf,c
2018-09-01,0.88622921705246,ET,c
2018-09-01,1.92419838905334,GPP,c
2018-09-01,0.88622921705246,LE,c
2018-09-01,0,Rainf,c
2019-09-01,1.3540803194046,ET,c
2019-09-01,1.27771389484406,GPP,c
2019-09-01,1.3540803194046,LE,c
2019-09-01,0.508292376995087,Rainf,c
2013-09-15,1.16806709766388,ET,c
2013-09-15,2.9022843837738,GPP,c
2013-09-15,1.16806709766388,LE,c
2013-09-15,0.591818809509277,Rainf,c
2014-09-15,1.85906195640564,ET,c
2014-09-15,2.92166185379028,GPP,c
2014-09-15,1.85906195640564,LE,c
2014-09-15,1.39211559295654,Rainf,c
2015-09-15,2.01303005218506,ET,c
2015-09-15,2.74596452713013,GPP,c
2015-09-15,2.01303005218506,LE,c
2015-09-15,1.37688910961151,Rainf,c
2016-09-15,1.42191708087921,ET,c
2016-09-15,2.64083504676819,GPP,c
2016-09-15,1.42191708087921,LE,c
2016-09-15,0.830092489719391,Rainf,c
2017-09-15,1.02273178100586,ET,c
2017-09-15,2.34304356575012,GPP,c
2017-09-15,1.02273178100586,LE,c
2017-09-15,0.134844765067101,Rainf,c
2018-09-15,0.801478922367096,ET,c
2018-09-15,2.63976216316223,GPP,c
2018-09-15,0.801478922367096,LE,c
2018-09-15,0,Rainf,c
2019-09-15,0.845219075679779,ET,c
2019-09-15,1.82601618766785,GPP,c
2019-09-15,0.845219075679779,LE,c
2019-09-15,0,Rainf,c
2013-10-01,1.55877888202667,ET,c
2013-10-01,2.56731367111206,GPP,c
2013-10-01,1.55877888202667,LE,c
2013-10-01,1.05118978023529,Rainf,c
2014-10-01,0.54136472940445,ET,c
2014-10-01,2.68705296516418,GPP,c
2014-10-01,0.54136472940445,LE,c
2014-10-01,0.0835771709680557,Rainf,c
2015-10-01,1.14177203178406,ET,c
2015-10-01,2.42111229896545,GPP,c
2015-10-01,1.14177203178406,LE,c
2015-10-01,0.476273447275162,Rainf,c
2016-10-01,1.96089839935303,ET,c
2016-10-01,2.45204019546509,GPP,c
2016-10-01,1.96089839935303,LE,c
2016-10-01,2.41570806503296,Rainf,c
2017-10-01,2.53518176078796,ET,c
2017-10-01,2.35640525817871,GPP,c
2017-10-01,2.53518176078796,LE,c
2017-10-01,4.94971990585327,Rainf,c
2018-10-01,1.13811767101288,ET,c
2018-10-01,2.60728788375855,GPP,c
2018-10-01,1.13811767101288,LE,c
2018-10-01,0.401160418987274,Rainf,c
2019-10-01,1.30364060401917,ET,c
2019-10-01,2.21056175231934,GPP,c
2019-10-01,1.30364060401917,LE,c
2019-10-01,0.711202263832092,Rainf,c
2013-10-15,0.619089722633362,ET,c
2013-10-15,2.4748477935791,GPP,c
2013-10-15,0.619089722633362,LE,c
2013-10-15,0.213957101106644,Rainf,c
2014-10-15,1.70406305789948,ET,c
2014-10-15,2.38210415840149,GPP,c
2014-10-15,1.70406305789948,LE,c
2014-10-15,1.63659560680389,Rainf,c
2015-10-15,1.54217267036438,ET,c
2015-10-15,2.45065546035767,GPP,c
2015-10-15,1.54217267036438,LE,c
2015-10-15,1.30788815021515,Rainf,c
2016-10-15,1.70021021366119,ET,c
2016-10-15,2.08537244796753,GPP,c
2016-10-15,1.70021021366119,LE,c
2016-10-15,2.52580213546753,Rainf,c
2017-10-15,0.476172596216202,ET,c
2017-10-15,2.49498152732849,GPP,c
2017-10-15,0.476172596216202,LE,c
2017-10-15,0.0599704049527645,Rainf,c
2018-10-15,1.00048696994782,ET,c
2018-10-15,2.67863297462463,GPP,c
2018-10-15,1.00048696994782,LE,c
2018-10-15,0.449534446001053,Rainf,c
2019-10-15,0.888619303703308,ET,c
2019-10-15,2.32328987121582,GPP,c
2019-10-15,0.888619303703308,LE,c
2019-10-15,0.386418044567108,Rainf,c
2013-11-01,0.405303329229355,ET,c
2013-11-01,2.24088931083679,GPP,c
2013-11-01,0.405303329229355,LE,c
2013-11-01,0.0495319403707981,Rainf,c
2014-11-01,0.542566418647766,ET,c
2014-11-01,2.17645049095154,GPP,c
2014-11-01,0.542566418647766,LE,c
2014-11-01,0.22339004278183,Rainf,c
2015-11-01,1.31935131549835,ET,c
2015-11-01,1.8755134344101,GPP,c
2015-11-01,1.31935131549835,LE,c
2015-11-01,1.76228439807892,Rainf,c
2016-11-01,0.25601989030838,ET,c
2016-11-01,2.15060758590698,GPP,c
2016-11-01,0.25601989030838,LE,c
2016-11-01,0,Rainf,c
2017-11-01,0.425861984491348,ET,c
2017-11-01,2.42419242858887,GPP,c
2017-11-01,0.425861984491348,LE,c
2017-11-01,0,Rainf,c
2018-11-01,0.439189612865448,ET,c
2018-11-01,2.67035579681397,GPP,c
2018-11-01,0.439189612865448,LE,c
2018-11-01,0,Rainf,c
2019-11-01,0.393348455429077,ET,c
2019-11-01,2.27247357368469,GPP,c
2019-11-01,0.393348455429077,LE,c
2019-11-01,0,Rainf,c
2013-11-15,0.35387995839119,ET,c
2013-11-15,2.01455545425415,GPP,c
2013-11-15,0.35387995839119,LE,c
2013-11-15,0.126219108700752,Rainf,c
2014-11-15,0.304424583911896,ET,c
2014-11-15,2.00131273269653,GPP,c
2014-11-15,0.304424583911896,LE,c
2014-11-15,0.0536567345261574,Rainf,c
2015-11-15,0.283726722002029,ET,c
2015-11-15,1.60680305957794,GPP,c
2015-11-15,0.283726722002029,LE,c
2015-11-15,0.2901811003685,Rainf,c
2016-11-15,0.520061373710632,ET,c
2016-11-15,1.85641026496887,GPP,c
2016-11-15,0.520061373710632,LE,c
2016-11-15,0.422546088695526,Rainf,c
2017-11-15,0.267187803983688,ET,c
2017-11-15,2.05609607696533,GPP,c
2017-11-15,0.267187803983688,LE,c
2017-11-15,0,Rainf,c
2018-11-15,0.3818359375,ET,c
2018-11-15,2.5980372428894,GPP,c
2018-11-15,0.3818359375,LE,c
2018-11-15,0,Rainf,c
2019-11-15,0.638700544834137,ET,c
2019-11-15,1.89343464374542,GPP,c
2019-11-15,0.638700544834137,LE,c
2019-11-15,0.454122602939606,Rainf,c
2013-12-01,0.197320446372032,ET,c
2013-12-01,1.96909332275391,GPP,c
2013-12-01,0.197320446372032,LE,c
2013-12-01,0,Rainf,c
2014-12-01,0.287803381681442,ET,c
2014-12-01,1.89587604999542,GPP,c
2014-12-01,0.287803381681442,LE,c
2014-12-01,0.126361608505249,Rainf,c
2015-12-01,0.330451756715775,ET,c
2015-12-01,1.86508131027222,GPP,c
2015-12-01,0.330451756715775,LE,c
2015-12-01,0.219860300421715,Rainf,c
2016-12-01,0.186309307813644,ET,c
2016-12-01,1.91300785541534,GPP,c
2016-12-01,0.186309307813644,LE,c
2016-12-01,0.00578185729682446,Rainf,c
2017-12-01,0.248012959957123,ET,c
2017-12-01,2.01014685630798,GPP,c
2017-12-01,0.248012959957123,LE,c
2017-12-01,0.00587415369227529,Rainf,c
2018-12-01,0.699717223644257,ET,c
2018-12-01,2.40957379341126,GPP,c
2018-12-01,0.699717223644257,LE,c
2018-12-01,0.50086373090744,Rainf,c
2019-12-01,0.570167660713196,ET,c
2019-12-01,2.05043292045593,GPP,c
2019-12-01,0.570167660713196,LE,c
2019-12-01,0.39339017868042,Rainf,c
2013-12-15,0.148512750864029,ET,c
2013-12-15,1.85109615325928,GPP,c
2013-12-15,0.148512750864029,LE,c
2013-12-15,0.00767042022198439,Rainf,c
2014-12-15,0.296057641506195,ET,c
2014-12-15,1.89468026161194,GPP,c
2014-12-15,0.296057641506195,LE,c
2014-12-15,0.129788979887962,Rainf,c
2015-12-15,0.177421480417252,ET,c
2015-12-15,1.84495651721954,GPP,c
2015-12-15,0.177421480417252,LE,c
2015-12-15,0,Rainf,c
2016-12-15,0.175307095050812,ET,c
2016-12-15,1.80780303478241,GPP,c
2016-12-15,0.175307095050812,LE,c
2016-12-15,0.00658944295719266,Rainf,c
2017-12-15,0.250798881053925,ET,c
2017-12-15,1.95959103107452,GPP,c
2017-12-15,0.250798881053925,LE,c
2017-12-15,0,Rainf,c
2018-12-15,0.282443314790726,ET,c
2018-12-15,2.37855076789856,GPP,c
2018-12-15,0.282443314790726,LE,c
2018-12-15,0,Rainf,c
2019-12-15,0.383396625518799,ET,c
2019-12-15,1.96114706993103,GPP,c
2019-12-15,0.383396625518799,LE,c
2019-12-15,0.255801260471344,Rainf,c
2013-01-01,0.107773490250111,ET,d
2013-01-01,1.86951899528503,GPP,d
2013-01-01,0.107773490250111,LE,d
2013-01-01,0.0452157519757748,Rainf,d
2014-01-01,0.150763124227524,ET,d
2014-01-01,1.91786193847656,GPP,d
2014-01-01,0.150763124227524,LE,d
2014-01-01,0.00555413635447621,Rainf,d
2015-01-01,0.196168318390846,ET,d
2015-01-01,1.84992718696594,GPP,d
2015-01-01,0.196168318390846,LE,d
2015-01-01,0.0429427213966846,Rainf,d
2016-01-01,0.188807860016823,ET,d
2016-01-01,1.91248571872711,GPP,d
2016-01-01,0.188807860016823,LE,d
2016-01-01,0.0503941178321838,Rainf,d
2017-01-01,0.137130305171013,ET,d
2017-01-01,1.82066547870636,GPP,d
2017-01-01,0.137130305171013,LE,d
2017-01-01,0.00956383626908064,Rainf,d
2018-01-01,0.202834442257881,ET,d
2018-01-01,1.82823956012726,GPP,d
2018-01-01,0.202834442257881,LE,d
2018-01-01,0.0265867281705141,Rainf,d
2019-01-01,0.205436304211617,ET,d
2019-01-01,1.92333424091339,GPP,d
2019-01-01,0.205436304211617,LE,d
2019-01-01,0.011624856851995,Rainf,d
2013-01-15,0.240277454257011,ET,d
2013-01-15,2.00751256942749,GPP,d
2013-01-15,0.240277454257011,LE,d
2013-01-15,0.150810837745667,Rainf,d
2014-01-15,0.204346805810928,ET,d
2014-01-15,2.02613043785095,GPP,d
2014-01-15,0.204346805810928,LE,d
2014-01-15,0.0260666012763977,Rainf,d
2015-01-15,0.20590940117836,ET,d
2015-01-15,2.02908444404602,GPP,d
2015-01-15,0.20590940117836,LE,d
2015-01-15,0.021075077354908,Rainf,d
2016-01-15,0.120660334825516,ET,d
2016-01-15,1.99396169185638,GPP,d
2016-01-15,0.120660334825516,LE,d
2016-01-15,0,Rainf,d
2017-01-15,0.628779411315918,ET,d
2017-01-15,1.98481833934784,GPP,d
2017-01-15,0.628779411315918,LE,d
2017-01-15,0.553818047046661,Rainf,d
2018-01-15,0.186873316764832,ET,d
2018-01-15,2.01593685150146,GPP,d
2018-01-15,0.186873316764832,LE,d
2018-01-15,0,Rainf,d
2019-01-15,0.271461397409439,ET,d
2019-01-15,2.01583433151245,GPP,d
2019-01-15,0.271461397409439,LE,d
2019-01-15,0,Rainf,d
2013-02-01,0.145442202687264,ET,d
2013-02-01,2.10828971862793,GPP,d
2013-02-01,0.145442202687264,LE,d
2013-02-01,0.0322241447865963,Rainf,d
2014-02-01,0.243353500962257,ET,d
2014-02-01,2.10850858688355,GPP,d
2014-02-01,0.243353500962257,LE,d
2014-02-01,0.103441208600998,Rainf,d
2015-02-01,0.280547440052032,ET,d
2015-02-01,2.23812532424927,GPP,d
2015-02-01,0.280547440052032,LE,d
2015-02-01,0,Rainf,d
2016-02-01,0.284272849559784,ET,d
2016-02-01,2.21698307991028,GPP,d
2016-02-01,0.284272849559784,LE,d
2016-02-01,0.0486752726137638,Rainf,d
2017-02-01,0.39026814699173,ET,d
2017-02-01,2.26518034934998,GPP,d
2017-02-01,0.39026814699173,LE,d
2017-02-01,0.143194124102592,Rainf,d
2018-02-01,0.253265351057053,ET,d
2018-02-01,2.29248023033142,GPP,d
2018-02-01,0.253265351057053,LE,d
2018-02-01,0,Rainf,d
2019-02-01,0.378218352794647,ET,d
2019-02-01,1.99868333339691,GPP,d
2019-02-01,0.378218352794647,LE,d
2019-02-01,0.195423483848572,Rainf,d
2013-02-15,0.402780473232269,ET,d
2013-02-15,2.31274390220642,GPP,d
2013-02-15,0.402780473232269,LE,d
2013-02-15,0.219131857156754,Rainf,d
2014-02-15,0.47679790854454,ET,d
2014-02-15,2.26407694816589,GPP,d
2014-02-15,0.47679790854454,LE,d
2014-02-15,0.292464762926102,Rainf,d
2015-02-15,0.972633123397827,ET,d
2015-02-15,2.33974933624268,GPP,d
2015-02-15,0.972633123397827,LE,d
2015-02-15,0.806145191192627,Rainf,d
2016-02-15,0.373961478471756,ET,d
2016-02-15,2.43173789978027,GPP,d
2016-02-15,0.373961478471756,LE,d
2016-02-15,0.104015506803989,Rainf,d
2017-02-15,0.282111465930939,ET,d
2017-02-15,2.35969686508179,GPP,d
2017-02-15,0.282111465930939,LE,d
2017-02-15,0,Rainf,d
2018-02-15,0.29763251543045,ET,d
2018-02-15,2.4040105342865,GPP,d
2018-02-15,0.29763251543045,LE,d
2018-02-15,0,Rainf,d
2019-02-15,0.335209161043167,ET,d
2019-02-15,2.42516851425171,GPP,d
2019-02-15,0.335209161043167,LE,d
2019-02-15,0,Rainf,d
2013-03-01,0.424933850765228,ET,d
2013-03-01,2.76743793487549,GPP,d
2013-03-01,0.424933850765228,LE,d
2013-03-01,0.0950616449117661,Rainf,d
2014-03-01,0.391321659088135,ET,d
2014-03-01,2.66255640983582,GPP,d
2014-03-01,0.391321659088135,LE,d
2014-03-01,0.0262443423271179,Rainf,d
2015-03-01,0.380741089582443,ET,d
2015-03-01,2.74790406227112,GPP,d
2015-03-01,0.380741089582443,LE,d
2015-03-01,0,Rainf,d
2016-03-01,0.367916435003281,ET,d
2016-03-01,2.65792894363403,GPP,d
2016-03-01,0.367916435003281,LE,d
2016-03-01,0,Rainf,d
2017-03-01,0.433175265789032,ET,d
2017-03-01,2.84741044044495,GPP,d
2017-03-01,0.433175265789032,LE,d
2017-03-01,0,Rainf,d
2018-03-01,0.538335382938385,ET,d
2018-03-01,2.65819334983826,GPP,d
2018-03-01,0.538335382938385,LE,d
2018-03-01,0.201940402388573,Rainf,d
2019-03-01,0.480431824922562,ET,d
2019-03-01,2.81032800674439,GPP,d
2019-03-01,0.480431824922562,LE,d
2019-03-01,0,Rainf,d
2013-03-15,0.628526151180267,ET,d
2013-03-15,2.85666537284851,GPP,d
2013-03-15,0.628526151180267,LE,d
2013-03-15,0.261688411235809,Rainf,d
2014-03-15,0.751124322414398,ET,d
2014-03-15,2.91901516914368,GPP,d
2014-03-15,0.751124322414398,LE,d
2014-03-15,0.207424953579903,Rainf,d
2015-03-15,0.640700340270996,ET,d
2015-03-15,2.88251280784607,GPP,d
2015-03-15,0.640700340270996,LE,d
2015-03-15,0.0849605053663254,Rainf,d
2016-03-15,0.557849407196045,ET,d
2016-03-15,2.82216477394104,GPP,d
2016-03-15,0.557849407196045,LE,d
2016-03-15,0,Rainf,d
2017-03-15,0.959597051143646,ET,d
2017-03-15,2.79619216918945,GPP,d
2017-03-15,0.959597051143646,LE,d
2017-03-15,0.555493175983429,Rainf,d
2018-03-15,0.537085473537445,ET,d
2018-03-15,2.68370056152344,GPP,d
2018-03-15,0.537085473537445,LE,d
2018-03-15,0,Rainf,d
2019-03-15,0.825674951076508,ET,d
2019-03-15,2.82972502708435,GPP,d
2019-03-15,0.825674951076508,LE,d
2019-03-15,0.271047472953796,Rainf,d
2013-04-01,0.51204651594162,ET,d
2013-04-01,3.03205418586731,GPP,d
2013-04-01,0.51204651594162,LE,d
2013-04-01,0.0215321853756905,Rainf,d
2014-04-01,1.56298840045929,ET,d
2014-04-01,2.99170660972595,GPP,d
2014-04-01,1.56298840045929,LE,d
2014-04-01,0.941282570362091,Rainf,d
2015-04-01,2.46010184288025,ET,d
2015-04-01,2.99983787536621,GPP,d
2015-04-01,2.46010184288025,LE,d
2015-04-01,2.427161693573,Rainf,d
2016-04-01,1.15797984600067,ET,d
2016-04-01,2.82123184204102,GPP,d
2016-04-01,1.15797984600067,LE,d
2016-04-01,0.588242053985596,Rainf,d
2017-04-01,1.19803547859192,ET,d
2017-04-01,3.49899435043335,GPP,d
2017-04-01,1.19803547859192,LE,d
2017-04-01,0.540140926837921,Rainf,d
2018-04-01,2.27117133140564,ET,d
2018-04-01,3.2398533821106,GPP,d
2018-04-01,2.27117133140564,LE,d
2018-04-01,2.11699724197388,Rainf,d
2019-04-01,0.939699172973633,ET,d
2019-04-01,2.93830513954163,GPP,d
2019-04-01,0.939699172973633,LE,d
2019-04-01,0.312417417764664,Rainf,d
2013-04-15,0.84973680973053,ET,d
2013-04-15,3.08399558067322,GPP,d
2013-04-15,0.84973680973053,LE,d
2013-04-15,0.151656225323677,Rainf,d
2014-04-15,0.998891830444336,ET,d
2014-04-15,2.95526838302612,GPP,d
2014-04-15,0.998891830444336,LE,d
2014-04-15,0.259005665779114,Rainf,d
2015-04-15,0.863419413566589,ET,d
2015-04-15,2.28051161766052,GPP,d
2015-04-15,0.863419413566589,LE,d
2015-04-15,0,Rainf,d
2016-04-15,1.31745684146881,ET,d
2016-04-15,2.53001403808594,GPP,d
2016-04-15,1.31745684146881,LE,d
2016-04-15,0.520993053913117,Rainf,d
2017-04-15,1.05977487564087,ET,d
2017-04-15,2.87561058998108,GPP,d
2017-04-15,1.05977487564087,LE,d
2017-04-15,0.0391788259148598,Rainf,d
2018-04-15,1.49120759963989,ET,d
2018-04-15,2.76898407936096,GPP,d
2018-04-15,1.49120759963989,LE,d
2018-04-15,0.606249630451202,Rainf,d
2019-04-15,3.07305574417114,ET,d
2019-04-15,2.89896035194397,GPP,d
2019-04-15,3.07305574417114,LE,d
2019-04-15,2.68717288970947,Rainf,d
2013-05-01,2.47040581703186,ET,d
2013-05-01,2.56491351127625,GPP,d
2013-05-01,2.47040581703186,LE,d
2013-05-01,1.64398849010468,Rainf,d
2014-05-01,2.96759915351868,ET,d
2014-05-01,2.81129503250122,GPP,d
2014-05-01,2.96759915351868,LE,d
2014-05-01,2.20698833465576,Rainf,d
2015-05-01,3.48767375946045,ET,d
2015-05-01,2.73283290863037,GPP,d
2015-05-01,3.48767375946045,LE,d
2015-05-01,3.22303867340088,Rainf,d
2016-05-01,3.70530962944031,ET,d
2016-05-01,2.56602716445923,GPP,d
2016-05-01,3.70530962944031,LE,d
2016-05-01,5.01875448226929,Rainf,d
2017-05-01,2.41087985038757,ET,d
2017-05-01,2.32773184776306,GPP,d
2017-05-01,2.41087985038757,LE,d
2017-05-01,1.47406101226807,Rainf,d
2018-05-01,3.46162581443787,ET,d
2018-05-01,2.33513283729553,GPP,d
2018-05-01,3.46162581443787,LE,d
2018-05-01,2.70324969291687,Rainf,d
2019-05-01,3.10214734077454,ET,d
2019-05-01,2.08009624481201,GPP,d
2019-05-01,3.10214734077454,LE,d
2019-05-01,2.23315954208374,Rainf,d
2013-05-15,1.24147701263428,ET,d
2013-05-15,2.20430946350098,GPP,d
2013-05-15,1.24147701263428,LE,d
2013-05-15,0.333888113498688,Rainf,d
2014-05-15,2.37979030609131,ET,d
2014-05-15,1.7053554058075,GPP,d
2014-05-15,2.37979030609131,LE,d
2014-05-15,1.41189205646515,Rainf,d
2015-05-15,2.17161321640015,ET,d
2015-05-15,1.56814956665039,GPP,d
2015-05-15,2.17161321640015,LE,d
2015-05-15,1.11139702796936,Rainf,d
2016-05-15,1.22192203998566,ET,d
2016-05-15,1.74796438217163,GPP,d
2016-05-15,1.22192203998566,LE,d
2016-05-15,0.276183933019638,Rainf,d
2017-05-15,3.16770219802856,ET,d
2017-05-15,1.9343433380127,GPP,d
2017-05-15,3.16770219802856,LE,d
2017-05-15,2.19682025909424,Rainf,d
2018-05-15,1.77869474887848,ET,d
2018-05-15,1.49947535991669,GPP,d
2018-05-15,1.77869474887848,LE,d
2018-05-15,0.765062630176544,Rainf,d
2019-05-15,3.04427456855774,ET,d
2019-05-15,1.05289161205292,GPP,d
2019-05-15,3.04427456855774,LE,d
2019-05-15,1.96118938922882,Rainf,d
2013-06-01,1.37732076644897,ET,d
2013-06-01,2.57382941246033,GPP,d
2013-06-01,1.37732076644897,LE,d
2013-06-01,0.486778974533081,Rainf,d
2014-06-01,2.15480327606201,ET,d
2014-06-01,2.82591462135315,GPP,d
2014-06-01,2.15480327606201,LE,d
2014-06-01,1.28816568851471,Rainf,d
2015-06-01,4.08259153366089,ET,d
2015-06-01,2.99219727516174,GPP,d
2015-06-01,4.08259153366089,LE,d
2015-06-01,3.30633282661438,Rainf,d
2016-06-01,2.55725574493408,ET,d
2016-06-01,2.36470651626587,GPP,d
2016-06-01,2.55725574493408,LE,d
2016-06-01,1.69088935852051,Rainf,d
2017-06-01,1.19804799556732,ET,d
2017-06-01,2.81718254089355,GPP,d
2017-06-01,1.19804799556732,LE,d
2017-06-01,0,Rainf,d
2018-06-01,1.79844522476196,ET,d
2018-06-01,1.63591778278351,GPP,d
2018-06-01,1.79844522476196,LE,d
2018-06-01,0.804692566394806,Rainf,d
2019-06-01,2.26547193527222,ET,d
2019-06-01,2.40327572822571,GPP,d
2019-06-01,2.26547193527222,LE,d
2019-06-01,1.07051980495453,Rainf,d
2013-06-15,4.52852296829224,ET,d
2013-06-15,2.56058502197266,GPP,d
2013-06-15,4.52852296829224,LE,d
2013-06-15,5.00943040847778,Rainf,d
2014-06-15,3.92820906639099,ET,d
2014-06-15,2.81226468086243,GPP,d
2014-06-15,3.92820906639099,LE,d
2014-06-15,3.18259334564209,Rainf,d
2015-06-15,1.22890841960907,ET,d
2015-06-15,3.32287096977234,GPP,d
2015-06-15,1.22890841960907,LE,d
2015-06-15,0,Rainf,d
2016-06-15,3.10017132759094,ET,d
2016-06-15,1.88125550746918,GPP,d
2016-06-15,3.10017132759094,LE,d
2016-06-15,2.20197010040283,Rainf,d
2017-06-15,3.38999462127686,ET,d
2017-06-15,3.30422401428223,GPP,d
2017-06-15,3.38999462127686,LE,d
2017-06-15,2.32831811904907,Rainf,d
2018-06-15,1.06856393814087,ET,d
2018-06-15,1.11671650409698,GPP,d
2018-06-15,1.06856393814087,LE,d
2018-06-15,0,Rainf,d
2019-06-15,1.20319390296936,ET,d
2019-06-15,1.78204357624054,GPP,d
2019-06-15,1.20319390296936,LE,d
2019-06-15,0,Rainf,d
2013-07-01,5.42309236526489,ET,d
2013-07-01,2.92014145851135,GPP,d
2013-07-01,5.42309236526489,LE,d
2013-07-01,10.7552318572998,Rainf,d
2014-07-01,4.00241136550903,ET,d
2014-07-01,2.35647583007813,GPP,d
2014-07-01,4.00241136550903,LE,d
2014-07-01,3.35266518592834,Rainf,d
2015-07-01,3.77056050300598,ET,d
2015-07-01,3.22217059135437,GPP,d
2015-07-01,3.77056050300598,LE,d
2015-07-01,2.6209409236908,Rainf,d
2016-07-01,2.38087010383606,ET,d
2016-07-01,2.45545148849487,GPP,d
2016-07-01,2.38087010383606,LE,d
2016-07-01,1.53834998607636,Rainf,d
2017-07-01,4.55471324920654,ET,d
2017-07-01,3.58176612854004,GPP,d
2017-07-01,4.55471324920654,LE,d
2017-07-01,5.93444156646729,Rainf,d
2018-07-01,4.3317608833313,ET,d
2018-07-01,2.67952799797058,GPP,d
2018-07-01,4.3317608833313,LE,d
2018-07-01,5.9046778678894,Rainf,d
2019-07-01,4.24327802658081,ET,d
2019-07-01,2.21181440353394,GPP,d
2019-07-01,4.24327802658081,LE,d
2019-07-01,5.28210115432739,Rainf,d
2013-07-15,4.00966358184814,ET,d
2013-07-15,2.76667428016663,GPP,d
2013-07-15,4.00966358184814,LE,d
2013-07-15,3.31815600395203,Rainf,d
2014-07-15,3.10355877876282,ET,d
2014-07-15,2.34490418434143,GPP,d
2014-07-15,3.10355877876282,LE,d
2014-07-15,2.22998762130737,Rainf,d
2015-07-15,5.03939914703369,ET,d
2015-07-15,4.08085823059082,GPP,d
2015-07-15,5.03939914703369,LE,d
2015-07-15,8.03678131103516,Rainf,d
2016-07-15,5.68470907211304,ET,d
2016-07-15,3.10444736480713,GPP,d
2016-07-15,5.68470907211304,LE,d
2016-07-15,13.2986927032471,Rainf,d
2017-07-15,3.69404673576355,ET,d
2017-07-15,3.10893559455872,GPP,d
2017-07-15,3.69404673576355,LE,d
2017-07-15,3.66875410079956,Rainf,d
2018-07-15,6.46400213241577,ET,d
2018-07-15,2.26773357391357,GPP,d
2018-07-15,6.46400213241577,LE,d
2018-07-15,13.9455547332764,Rainf,d
2019-07-15,4.51000165939331,ET,d
2019-07-15,1.89088368415833,GPP,d
2019-07-15,4.51000165939331,LE,d
2019-07-15,5.46748352050781,Rainf,d
2013-08-01,4.05368900299072,ET,d
2013-08-01,2.57023119926453,GPP,d
2013-08-01,4.05368900299072,LE,d
2013-08-01,3.38593673706055,Rainf,d
2014-08-01,3.89205741882324,ET,d
2014-08-01,2.60697627067566,GPP,d
2014-08-01,3.89205741882324,LE,d
2014-08-01,3.32428646087647,Rainf,d
2015-08-01,3.00928974151611,ET,d
2015-08-01,3.19785952568054,GPP,d
2015-08-01,3.00928974151611,LE,d
2015-08-01,1.75516223907471,Rainf,d
2016-08-01,4.05994892120361,ET,d
2016-08-01,2.63454627990723,GPP,d
2016-08-01,4.05994892120361,LE,d
2016-08-01,4.71200656890869,Rainf,d
2017-08-01,4.74966716766357,ET,d
2017-08-01,1.97725331783295,GPP,d
2017-08-01,4.74966716766357,LE,d
2017-08-01,7.27253675460815,Rainf,d
2018-08-01,5.15304040908814,ET,d
2018-08-01,1.86081290245056,GPP,d
2018-08-01,5.15304040908814,LE,d
2018-08-01,8.73891925811768,Rainf,d
2019-08-01,4.44856786727905,ET,d
2019-08-01,2.40666890144348,GPP,d
2019-08-01,4.44856786727905,LE,d
2019-08-01,7.20135974884033,Rainf,d
2013-08-15,3.33158040046692,ET,d
2013-08-15,2.58891081809998,GPP,d
2013-08-15,3.33158040046692,LE,d
2013-08-15,2.60868787765503,Rainf,d
2014-08-15,2.21960163116455,ET,d
2014-08-15,2.60054588317871,GPP,d
2014-08-15,2.21960163116455,LE,d
2014-08-15,1.39394867420197,Rainf,d
2015-08-15,3.93566012382507,ET,d
2015-08-15,3.41096925735474,GPP,d
2015-08-15,3.93566012382507,LE,d
2015-08-15,4.02515840530396,Rainf,d
2016-08-15,0.782746255397797,ET,d
2016-08-15,2.46894907951355,GPP,d
2016-08-15,0.782746255397797,LE,d
2016-08-15,0.00116798980161548,Rainf,d
2017-08-15,4.00136518478394,ET,d
2017-08-15,2.747878074646,GPP,d
2017-08-15,4.00136518478394,LE,d
2017-08-15,5.38753271102905,Rainf,d
2018-08-15,0.934319317340851,ET,d
2018-08-15,2.01966595649719,GPP,d
2018-08-15,0.934319317340851,LE,d
2018-08-15,0,Rainf,d
2019-08-15,1.68226993083954,ET,d
2019-08-15,1.77150940895081,GPP,d
2019-08-15,1.68226993083954,LE,d
2019-08-15,0.516819059848785,Rainf,d
2013-09-01,1.22012960910797,ET,d
2013-09-01,2.86584901809692,GPP,d
2013-09-01,1.22012960910797,LE,d
2013-09-01,0.506109178066254,Rainf,d
2014-09-01,2.84385395050049,ET,d
2014-09-01,2.95905160903931,GPP,d
2014-09-01,2.84385395050049,LE,d
2014-09-01,2.71512460708618,Rainf,d
2015-09-01,2.82328343391418,ET,d
2015-09-01,2.64815616607666,GPP,d
2015-09-01,2.82328343391418,LE,d
2015-09-01,3.1799852848053,Rainf,d
2016-09-01,1.8947559595108,ET,d
2016-09-01,2.29241394996643,GPP,d
2016-09-01,1.8947559595108,LE,d
2016-09-01,1.17004370689392,Rainf,d
2017-09-01,1.04520535469055,ET,d
2017-09-01,2.30418920516968,GPP,d
2017-09-01,1.04520535469055,LE,d
2017-09-01,0,Rainf,d
2018-09-01,0.930991291999817,ET,d
2018-09-01,2.0965690612793,GPP,d
2018-09-01,0.930991291999817,LE,d
2018-09-01,0,Rainf,d
2019-09-01,1.33252429962158,ET,d
2019-09-01,1.33913099765778,GPP,d
2019-09-01,1.33252429962158,LE,d
2019-09-01,0.480235457420349,Rainf,d
2013-09-15,1.18323957920074,ET,d
2013-09-15,3.01440739631653,GPP,d
2013-09-15,1.18323957920074,LE,d
2013-09-15,0.595745861530304,Rainf,d
2014-09-15,1.84283924102783,ET,d
2014-09-15,3.03280234336853,GPP,d
2014-09-15,1.84283924102783,LE,d
2014-09-15,1.38381254673004,Rainf,d
2015-09-15,1.9994044303894,ET,d
2015-09-15,2.82575035095215,GPP,d
2015-09-15,1.9994044303894,LE,d
2015-09-15,1.36798286437988,Rainf,d
2016-09-15,1.42190647125244,ET,d
2016-09-15,2.6379828453064,GPP,d
2016-09-15,1.42190647125244,LE,d
2016-09-15,0.842519402503967,Rainf,d
2017-09-15,1.10322678089142,ET,d
2017-09-15,2.63353943824768,GPP,d
2017-09-15,1.10322678089142,LE,d
2017-09-15,0.137283727526665,Rainf,d
2018-09-15,0.84108692407608,ET,d
2018-09-15,2.85055994987488,GPP,d
2018-09-15,0.84108692407608,LE,d
2018-09-15,0,Rainf,d
2019-09-15,0.849728405475617,ET,d
2019-09-15,1.88596665859222,GPP,d
2019-09-15,0.849728405475617,LE,d
2019-09-15,0,Rainf,d
2013-10-01,1.55025446414948,ET,d
2013-10-01,2.59430623054504,GPP,d
2013-10-01,1.55025446414948,LE,d
2013-10-01,1.05742239952087,Rainf,d
2014-10-01,0.538987636566162,ET,d
2014-10-01,2.71228194236755,GPP,d
2014-10-01,0.538987636566162,LE,d
2014-10-01,0.0831301212310791,Rainf,d
2015-10-01,1.14669287204742,ET,d
2015-10-01,2.49263453483582,GPP,d
2015-10-01,1.14669287204742,LE,d
2015-10-01,0.476399153470993,Rainf,d
2016-10-01,1.87719583511353,ET,d
2016-10-01,2.45098805427551,GPP,d
2016-10-01,1.87719583511353,LE,d
2016-10-01,2.42907094955444,Rainf,d
2017-10-01,2.46596431732178,ET,d
2017-10-01,2.57679891586304,GPP,d
2017-10-01,2.46596431732178,LE,d
2017-10-01,4.96527004241943,Rainf,d
2018-10-01,1.1895010471344,ET,d
2018-10-01,2.91310286521912,GPP,d
2018-10-01,1.1895010471344,LE,d
2018-10-01,0.395900130271912,Rainf,d
2019-10-01,1.29050242900848,ET,d
2019-10-01,2.2390341758728,GPP,d
2019-10-01,1.29050242900848,LE,d
2019-10-01,0.702560603618622,Rainf,d
2013-10-15,0.614828109741211,ET,d
2013-10-15,2.49751758575439,GPP,d
2013-10-15,0.614828109741211,LE,d
2013-10-15,0.209154903888702,Rainf,d
2014-10-15,1.65415275096893,ET,d
2014-10-15,2.40544247627258,GPP,d
2014-10-15,1.65415275096893,LE,d
2014-10-15,1.63913774490356,Rainf,d
2015-10-15,1.50484657287598,ET,d
2015-10-15,2.51184797286987,GPP,d
2015-10-15,1.50484657287598,LE,d
2015-10-15,1.30561089515686,Rainf,d
2016-10-15,1.60559952259064,ET,d
2016-10-15,2.08777213096619,GPP,d
2016-10-15,1.60559952259064,LE,d
2016-10-15,2.50145840644836,Rainf,d
2017-10-15,0.486484676599503,ET,d
2017-10-15,2.72406315803528,GPP,d
2017-10-15,0.486484676599503,LE,d
2017-10-15,0.0445373095571995,Rainf,d
2018-10-15,1.02462565898895,ET,d
2018-10-15,2.98231625556946,GPP,d
2018-10-15,1.02462565898895,LE,d
2018-10-15,0.440652281045914,Rainf,d
2019-10-15,0.874091863632202,ET,d
2019-10-15,2.34057235717773,GPP,d
2019-10-15,0.874091863632202,LE,d
2019-10-15,0.375670880079269,Rainf,d
2013-11-01,0.404048800468445,ET,d
2013-11-01,2.26784491539001,GPP,d
2013-11-01,0.404048800468445,LE,d
2013-11-01,0.0484961941838265,Rainf,d
2014-11-01,0.527851283550263,ET,d
2014-11-01,2.17266631126404,GPP,d
2014-11-01,0.527851283550263,LE,d
2014-11-01,0.220850214362144,Rainf,d
2015-11-01,1.25787007808685,ET,d
2015-11-01,1.87755119800568,GPP,d
2015-11-01,1.25787007808685,LE,d
2015-11-01,1.75191164016724,Rainf,d
2016-11-01,0.250688552856445,ET,d
2016-11-01,2.15205812454224,GPP,d
2016-11-01,0.250688552856445,LE,d
2016-11-01,0,Rainf,d
2017-11-01,0.428532361984253,ET,d
2017-11-01,2.49422883987427,GPP,d
2017-11-01,0.428532361984253,LE,d
2017-11-01,0,Rainf,d
2018-11-01,0.486693471670151,ET,d
2018-11-01,3.03958249092102,GPP,d
2018-11-01,0.486693471670151,LE,d
2018-11-01,0,Rainf,d
2019-11-01,0.389936953783035,ET,d
2019-11-01,2.30436396598816,GPP,d
2019-11-01,0.389936953783035,LE,d
2019-11-01,0,Rainf,d
2013-11-15,0.346555382013321,ET,d
2013-11-15,2.03900551795959,GPP,d
2013-11-15,0.346555382013321,LE,d
2013-11-15,0.12660975754261,Rainf,d
2014-11-15,0.303127378225327,ET,d
2014-11-15,1.99711847305298,GPP,d
2014-11-15,0.303127378225327,LE,d
2014-11-15,0.0581403635442257,Rainf,d
2015-11-15,0.268663823604584,ET,d
2015-11-15,1.60804879665375,GPP,d
2015-11-15,0.268663823604584,LE,d
2015-11-15,0.281213939189911,Rainf,d
2016-11-15,0.473220229148865,ET,d
2016-11-15,1.85921216011047,GPP,d
2016-11-15,0.473220229148865,LE,d
2016-11-15,0.402840554714203,Rainf,d
2017-11-15,0.268550544977188,ET,d
2017-11-15,2.11409664154053,GPP,d
2017-11-15,0.268550544977188,LE,d
2017-11-15,0,Rainf,d
2018-11-15,0.423466205596924,ET,d
2018-11-15,2.96030402183533,GPP,d
2018-11-15,0.423466205596924,LE,d
2018-11-15,0,Rainf,d
2019-11-15,0.609930753707886,ET,d
2019-11-15,1.91469037532806,GPP,d
2019-11-15,0.609930753707886,LE,d
2019-11-15,0.453169584274292,Rainf,d
2013-12-01,0.189779177308083,ET,d
2013-12-01,1.95528817176819,GPP,d
2013-12-01,0.189779177308083,LE,d
2013-12-01,0,Rainf,d
2014-12-01,0.271038502454758,ET,d
2014-12-01,1.88368713855743,GPP,d
2014-12-01,0.271038502454758,LE,d
2014-12-01,0.127605631947517,Rainf,d
2015-12-01,0.31213915348053,ET,d
2015-12-01,1.85130751132965,GPP,d
2015-12-01,0.31213915348053,LE,d
2015-12-01,0.22704042494297,Rainf,d
2016-12-01,0.185525640845299,ET,d
2016-12-01,1.91648995876312,GPP,d
2016-12-01,0.185525640845299,LE,d
2016-12-01,0.00896291621029377,Rainf,d
2017-12-01,0.248921096324921,ET,d
2017-12-01,2.0208752155304,GPP,d
2017-12-01,0.248921096324921,LE,d
2017-12-01,0.0106027163565159,Rainf,d
2018-12-01,0.71260529756546,ET,d
2018-12-01,2.74287915229797,GPP,d
2018-12-01,0.71260529756546,LE,d
2018-12-01,0.512391567230225,Rainf,d
2019-12-01,0.550569772720337,ET,d
2019-12-01,2.07288217544556,GPP,d
2019-12-01,0.550569772720337,LE,d
2019-12-01,0.399093002080917,Rainf,d
2013-12-15,0.142392992973328,ET,d
2013-12-15,1.83875358104706,GPP,d
2013-12-15,0.142392992973328,LE,d
2013-12-15,0.00771784083917737,Rainf,d
2014-12-15,0.27663466334343,ET,d
2014-12-15,1.88168573379517,GPP,d
2014-12-15,0.27663466334343,LE,d
2014-12-15,0.128578841686249,Rainf,d
2015-12-15,0.170612633228302,ET,d
2015-12-15,1.83301770687103,GPP,d
2015-12-15,0.170612633228302,LE,d
2015-12-15,0,Rainf,d
2016-12-15,0.169917210936546,ET,d
2016-12-15,1.81241858005524,GPP,d
2016-12-15,0.169917210936546,LE,d
2016-12-15,0.00398619938641787,Rainf,d
2017-12-15,0.248249053955078,ET,d
2017-12-15,1.96952831745148,GPP,d
2017-12-15,0.248249053955078,LE,d
2017-12-15,0,Rainf,d
2018-12-15,0.312827885150909,ET,d
2018-12-15,2.70674824714661,GPP,d
2018-12-15,0.312827885150909,LE,d
2018-12-15,0,Rainf,d
2019-12-15,0.363543421030045,ET,d
2019-12-15,1.98415327072144,GPP,d
2019-12-15,0.363543421030045,LE,d
2019-12-15,0.249718591570854,Rainf,d
