name,variable,date,value
a,ET,2013-01-01,0.10069
a,GPP,2013-01-01,1.852154
a,Rainf,2013-01-01,0.043152
a,Tair,2013-01-01,-6.755446
a,ET,2014-01-01,0.138297
a,GPP,2014-01-01,1.898604
a,Rainf,2014-01-01,0.005159
a,Tair,2014-01-01,-2.568838
a,ET,2015-01-01,0.176814
a,GPP,2015-01-01,1.833535
a,Rainf,2015-01-01,0.039098
a,Tair,2015-01-01,-1.192179
a,ET,2016-01-01,0.181008
a,GPP,2016-01-01,1.877845
a,Rainf,2016-01-01,0.063834
a,Tair,2016-01-01,-3.068831
a,ET,2017-01-01,0.12653
a,GPP,2017-01-01,1.805441
a,Rainf,2017-01-01,0.010794
a,Tair,2017-01-01,-1.433176
a,ET,2018-01-01,0.178339
a,GPP,2018-01-01,1.814458
a,Rainf,2018-01-01,0.019746
a,Tair,2018-01-01,-1.677095
a,ET,2019-01-01,0.189382
a,GPP,2019-01-01,1.893163
a,Rainf,2019-01-01,0.011827
a,Tair,2019-01-01,-1.516495
a,ET,2013-01-15,0.233954
a,GPP,2013-01-15,1.98723
a,Rainf,2013-01-15,0.152591
a,Tair,2013-01-15,-3.319914
a,ET,2014-01-15,0.188965
a,GPP,2014-01-15,2.005183
a,Rainf,2014-01-15,0.025235
a,Tair,2014-01-15,-0.255733
a,ET,2015-01-15,0.188206
a,GPP,2015-01-15,2.002755
a,Rainf,2015-01-15,0.019571
a,Tair,2015-01-15,-1.243074
a,ET,2016-01-15,0.10826
a,GPP,2016-01-15,1.956088
a,Rainf,2016-01-15,0
a,Tair,2016-01-15,-6.483751
a,ET,2017-01-15,0.569459
a,GPP,2017-01-15,1.960354
a,Rainf,2017-01-15,0.545736
a,Tair,2017-01-15,-3.391796
a,ET,2018-01-15,0.168069
a,GPP,2018-01-15,1.994832
a,Rainf,2018-01-15,0
a,Tair,2018-01-15,-2.543123
a,ET,2019-01-15,0.249598
a,GPP,2019-01-15,1.981501
a,Rainf,2019-01-15,0
a,Tair,2019-01-15,2.051993
a,ET,2013-02-01,0.135786
a,GPP,2013-02-01,2.085296
a,Rainf,2013-02-01,0.031449
a,Tair,2013-02-01,-3.245086
a,ET,2014-02-01,0.241384
a,GPP,2014-02-01,2.071861
a,Rainf,2014-02-01,0.11291
a,Tair,2014-02-01,-3.775096
a,ET,2015-02-01,0.256302
a,GPP,2015-02-01,2.193826
a,Rainf,2015-02-01,0
a,Tair,2015-02-01,1.294394
a,ET,2016-02-01,0.228482
a,GPP,2016-02-01,2.183122
a,Rainf,2016-02-01,0.015522
a,Tair,2016-02-01,0.390723
a,ET,2017-02-01,0.408662
a,GPP,2017-02-01,2.232017
a,Rainf,2017-02-01,0.18725
a,Tair,2017-02-01,0.249842
a,ET,2018-02-01,0.231494
a,GPP,2018-02-01,2.266257
a,Rainf,2018-02-01,0
a,Tair,2018-02-01,-1.826617
a,ET,2019-02-01,0.36266
a,GPP,2019-02-01,1.967334
a,Rainf,2019-02-01,0.202361
a,Tair,2019-02-01,-1.920665
a,ET,2013-02-15,0.388143
a,GPP,2013-02-15,2.286822
a,Rainf,2013-02-15,0.218582
a,Tair,2013-02-15,0.384108
a,ET,2014-02-15,0.457975
a,GPP,2014-02-15,2.224936
a,Rainf,2014-02-15,0.286891
a,Tair,2014-02-15,2.487159
a,ET,2015-02-15,0.897054
a,GPP,2015-02-15,2.289373
a,Rainf,2015-02-15,0.788907
a,Tair,2015-02-15,1.609491
a,ET,2016-02-15,0.356693
a,GPP,2016-02-15,2.38357
a,Rainf,2016-02-15,0.111626
a,Tair,2016-02-15,1.422072
a,ET,2017-02-15,0.257206
a,GPP,2017-02-15,2.328123
a,Rainf,2017-02-15,0
a,Tair,2017-02-15,3.715367
a,ET,2018-02-15,0.274859
a,GPP,2018-02-15,2.374487
a,Rainf,2018-02-15,0
a,Tair,2018-02-15,3.196789
a,ET,2019-02-15,0.308964
a,GPP,2019-02-15,2.376484
a,Rainf,2019-02-15,0
a,Tair,2019-02-15,5.108059
a,ET,2013-03-01,0.407464
a,GPP,2013-03-01,2.741186
a,Rainf,2013-03-01,0.102902
a,Tair,2013-03-01,5.363823
a,ET,2014-03-01,0.362663
a,GPP,2014-03-01,2.609905
a,Rainf,2014-03-01,0.02454
a,Tair,2014-03-01,5.500159
a,ET,2015-03-01,0.350897
a,GPP,2015-03-01,2.689218
a,Rainf,2015-03-01,0
a,Tair,2015-03-01,4.177794
a,ET,2016-03-01,0.33586
a,GPP,2016-03-01,2.615027
a,Rainf,2016-03-01,0
a,Tair,2016-03-01,5.45305
a,ET,2017-03-01,0.40216
a,GPP,2017-03-01,2.833862
a,Rainf,2017-03-01,0
a,Tair,2017-03-01,6.530195
a,ET,2018-03-01,0.534447
a,GPP,2018-03-01,2.611164
a,Rainf,2018-03-01,0.223024
a,Tair,2018-03-01,5.929252
a,ET,2019-03-01,0.442886
a,GPP,2019-03-01,2.749353
a,Rainf,2019-03-01,0
a,Tair,2019-03-01,9.621195
a,ET,2013-03-15,0.597465
a,GPP,2013-03-15,2.833505
a,Rainf,2013-03-15,0.255395
a,Tair,2013-03-15,6.802069
a,ET,2014-03-15,0.713558
a,GPP,2014-03-15,2.86178
a,Rainf,2014-03-15,0.20767
a,Tair,2014-03-15,13.743948
a,ET,2015-03-15,0.639433
a,GPP,2015-03-15,2.835864
a,Rainf,2015-03-15,0.125164
a,Tair,2015-03-15,12.661915
a,ET,2016-03-15,0.512063
a,GPP,2016-03-15,2.788057
a,Rainf,2016-03-15,0
a,Tair,2016-03-15,12.775249
a,ET,2017-03-15,0.964301
a,GPP,2017-03-15,2.78055
a,Rainf,2017-03-15,0.589724
a,Tair,2017-03-15,9.50216
a,ET,2018-03-15,0.499649
a,GPP,2018-03-15,2.647335
a,Rainf,2018-03-15,0
a,Tair,2018-03-15,13.247365
a,ET,2019-03-15,0.826604
a,GPP,2019-03-15,2.784899
a,Rainf,2019-03-15,0.312422
a,Tair,2019-03-15,12.11018
a,ET,2013-04-01,0.490296
a,GPP,2013-04-01,3.033018
a,Rainf,2013-04-01,0.025471
a,Tair,2013-04-01,9.031487
a,ET,2014-04-01,1.480835
a,GPP,2014-04-01,2.923325
a,Rainf,2014-04-01,0.901632
a,Tair,2014-04-01,15.62128
a,ET,2015-04-01,2.34579
a,GPP,2015-04-01,2.938935
a,Rainf,2015-04-01,2.436461
a,Tair,2015-04-01,10.648525
a,ET,2016-04-01,1.116544
a,GPP,2016-04-01,2.791725
a,Rainf,2016-04-01,0.59119
a,Tair,2016-04-01,14.073397
a,ET,2017-04-01,1.18471
a,GPP,2017-04-01,3.583662
a,Rainf,2017-04-01,0.564411
a,Tair,2017-04-01,14.705102
a,ET,2018-04-01,2.179211
a,GPP,2018-04-01,3.245694
a,Rainf,2018-04-01,2.208421
a,Tair,2018-04-01,12.061984
a,ET,2019-04-01,0.893921
a,GPP,2019-04-01,2.886362
a,Rainf,2019-04-01,0.315219
a,Tair,2019-04-01,14.300577
a,ET,2013-04-15,0.821624
a,GPP,2013-04-15,3.099423
a,Rainf,2013-04-15,0.159733
a,Tair,2013-04-15,15.330314
a,ET,2014-04-15,0.996056
a,GPP,2014-04-15,2.909554
a,Rainf,2014-04-15,0.308081
a,Tair,2014-04-15,17.444216
a,ET,2015-04-15,0.803841
a,GPP,2015-04-15,2.317593
a,Rainf,2015-04-15,0
a,Tair,2015-04-15,21.247314
a,ET,2016-04-15,1.269414
a,GPP,2016-04-15,2.548965
a,Rainf,2016-04-15,0.534698
a,Tair,2016-04-15,19.291
a,ET,2017-04-15,1.020602
a,GPP,2017-04-15,3.064769
a,Rainf,2017-04-15,0.05405
a,Tair,2017-04-15,19.499771
a,ET,2018-04-15,1.443941
a,GPP,2018-04-15,2.867574
a,Rainf,2018-04-15,0.605475
a,Tair,2018-04-15,21.634815
a,ET,2019-04-15,2.939031
a,GPP,2019-04-15,2.872524
a,Rainf,2019-04-15,2.677355
a,Tair,2019-04-15,17.788973
a,ET,2013-05-01,2.366025
a,GPP,2013-05-01,2.61167
a,Rainf,2013-05-01,1.579625
a,Tair,2013-05-01,20.263184
a,ET,2014-05-01,2.935391
a,GPP,2014-05-01,2.777227
a,Rainf,2014-05-01,2.281005
a,Tair,2014-05-01,17.858053
a,ET,2015-05-01,3.317225
a,GPP,2015-05-01,2.72645
a,Rainf,2015-05-01,3.226586
a,Tair,2015-05-01,18.228851
a,ET,2016-05-01,3.506325
a,GPP,2016-05-01,2.681857
a,Rainf,2016-05-01,5.01381
a,Tair,2016-05-01,18.850355
a,ET,2017-05-01,2.301574
a,GPP,2017-05-01,2.362011
a,Rainf,2017-05-01,1.441327
a,Tair,2017-05-01,20.938896
a,ET,2018-05-01,3.321433
a,GPP,2018-05-01,2.476563
a,Rainf,2018-05-01,2.702801
a,Tair,2018-05-01,23.098549
a,ET,2019-05-01,2.976974
a,GPP,2019-05-01,2.144276
a,Rainf,2019-05-01,2.248914
a,Tair,2019-05-01,22.853168
a,ET,2013-05-15,1.243155
a,GPP,2013-05-15,2.284524
a,Rainf,2013-05-15,0.380447
a,Tair,2013-05-15,23.227009
a,ET,2014-05-15,2.231924
a,GPP,2014-05-15,1.76457
a,Rainf,2014-05-15,1.330687
a,Tair,2014-05-15,25.426651
a,ET,2015-05-15,2.116436
a,GPP,2015-05-15,1.706907
a,Rainf,2015-05-15,1.135679
a,Tair,2015-05-15,25.69573
a,ET,2016-05-15,1.201033
a,GPP,2016-05-15,1.939959
a,Rainf,2016-05-15,0.294181
a,Tair,2016-05-15,23.680595
a,ET,2017-05-15,3.102384
a,GPP,2017-05-15,2.026887
a,Rainf,2017-05-15,2.219939
a,Tair,2017-05-15,25.220758
a,ET,2018-05-15,1.763789
a,GPP,2018-05-15,1.715297
a,Rainf,2018-05-15,0.802244
a,Tair,2018-05-15,26.125948
a,ET,2019-05-15,2.932858
a,GPP,2019-05-15,1.242902
a,Rainf,2019-05-15,1.946847
a,Tair,2019-05-15,27.520884
a,ET,2013-06-01,1.348669
a,GPP,2013-06-01,2.619471
a,Rainf,2013-06-01,0.497493
a,Tair,2013-06-01,23.312473
a,ET,2014-06-01,2.128509
a,GPP,2014-06-01,2.975096
a,Rainf,2014-06-01,1.261407
a,Tair,2014-06-01,23.846487
a,ET,2015-06-01,3.931597
a,GPP,2015-06-01,3.448715
a,Rainf,2015-06-01,3.22901
a,Tair,2015-06-01,24.494183
a,ET,2016-06-01,2.52378
a,GPP,2016-06-01,2.500281
a,Rainf,2016-06-01,1.690034
a,Tair,2016-06-01,23.704306
a,ET,2017-06-01,1.190304
a,GPP,2017-06-01,3.26767
a,Rainf,2017-06-01,0
a,Tair,2017-06-01,23.787428
a,ET,2018-06-01,1.856354
a,GPP,2018-06-01,2.163094
a,Rainf,2018-06-01,0.793296
a,Tair,2018-06-01,27.106937
a,ET,2019-06-01,2.286027
a,GPP,2019-06-01,2.859186
a,Rainf,2019-06-01,1.06996
a,Tair,2019-06-01,26.845898
a,ET,2013-06-15,4.322084
a,GPP,2013-06-15,2.607986
a,Rainf,2013-06-15,4.995818
a,Tair,2013-06-15,24.551729
a,ET,2014-06-15,3.806762
a,GPP,2014-06-15,2.967113
a,Rainf,2014-06-15,3.185474
a,Tair,2014-06-15,25.797073
a,ET,2015-06-15,1.269188
a,GPP,2015-06-15,3.789518
a,Rainf,2015-06-15,0
a,Tair,2015-06-15,25.172874
a,ET,2016-06-15,3.074095
a,GPP,2016-06-15,2.037664
a,Rainf,2016-06-15,2.246441
a,Tair,2016-06-15,26.929462
a,ET,2017-06-15,3.318434
a,GPP,2017-06-15,3.76524
a,Rainf,2017-06-15,2.372637
a,Tair,2017-06-15,26.206835
a,ET,2018-06-15,1.148911
a,GPP,2018-06-15,1.629781
a,Rainf,2018-06-15,0
a,Tair,2018-06-15,30.176762
a,ET,2019-06-15,1.229481
a,GPP,2019-06-15,2.296747
a,Rainf,2019-06-15,0
a,Tair,2019-06-15,28.717651
a,ET,2013-07-01,5.086676
a,GPP,2013-07-01,2.934714
a,Rainf,2013-07-01,10.744687
a,Tair,2013-07-01,27.159573
a,ET,2014-07-01,3.83785
a,GPP,2014-07-01,2.527279
a,Rainf,2014-07-01,3.389539
a,Tair,2014-07-01,27.531965
a,ET,2015-07-01,3.666491
a,GPP,2015-07-01,3.71973
a,Rainf,2015-07-01,2.573985
a,Tair,2015-07-01,27.398603
a,ET,2016-07-01,2.297006
a,GPP,2016-07-01,2.595283
a,Rainf,2016-07-01,1.479366
a,Tair,2016-07-01,27.704609
a,ET,2017-07-01,4.32213
a,GPP,2017-07-01,4.029919
a,Rainf,2017-07-01,5.94573
a,Tair,2017-07-01,29.332672
a,ET,2018-07-01,4.079973
a,GPP,2018-07-01,3.205217
a,Rainf,2018-07-01,5.864552
a,Tair,2018-07-01,28.96085
a,ET,2019-07-01,4.019858
a,GPP,2019-07-01,2.69684
a,Rainf,2019-07-01,5.285643
a,Tair,2019-07-01,29.335135
a,ET,2013-07-15,3.85071
a,GPP,2013-07-15,2.808165
a,Rainf,2013-07-15,3.291668
a,Tair,2013-07-15,27.982412
a,ET,2014-07-15,3.029897
a,GPP,2014-07-15,2.508251
a,Rainf,2014-07-15,2.188985
a,Tair,2014-07-15,28.872093
a,ET,2015-07-15,4.798546
a,GPP,2015-07-15,4.527756
a,Rainf,2015-07-15,8.085595
a,Tair,2015-07-15,28.086132
a,ET,2016-07-15,5.325991
a,GPP,2016-07-15,3.195308
a,Rainf,2016-07-15,13.33893
a,Tair,2016-07-15,27.616507
a,ET,2017-07-15,3.521126
a,GPP,2017-07-15,3.500834
a,Rainf,2017-07-15,3.661395
a,Tair,2017-07-15,29.454784
a,ET,2018-07-15,5.987582
a,GPP,2018-07-15,2.798462
a,Rainf,2018-07-15,13.917297
a,Tair,2018-07-15,32.403824
a,ET,2019-07-15,4.297453
a,GPP,2019-07-15,2.416956
a,Rainf,2019-07-15,5.530777
a,Tair,2019-07-15,32.625675
a,ET,2013-08-01,3.878808
a,GPP,2013-08-01,2.622165
a,Rainf,2013-08-01,3.343802
a,Tair,2013-08-01,29.049578
a,ET,2014-08-01,3.734484
a,GPP,2014-08-01,2.763357
a,Rainf,2014-08-01,3.319167
a,Tair,2014-08-01,27.244825
a,ET,2015-08-01,3.01642
a,GPP,2015-08-01,3.666159
a,Rainf,2015-08-01,1.755506
a,Tair,2015-08-01,28.635838
a,ET,2016-08-01,3.88552
a,GPP,2016-08-01,2.769159
a,Rainf,2016-08-01,4.739953
a,Tair,2016-08-01,28.728123
a,ET,2017-08-01,4.465231
a,GPP,2017-08-01,2.437198
a,Rainf,2017-08-01,7.257921
a,Tair,2017-08-01,32.178978
a,ET,2018-08-01,4.839606
a,GPP,2018-08-01,2.364922
a,Rainf,2018-08-01,8.76834
a,Tair,2018-08-01,32.511364
a,ET,2019-08-01,4.207199
a,GPP,2019-08-01,2.8464
a,Rainf,2019-08-01,7.205604
a,Tair,2019-08-01,30.294811
a,ET,2013-08-15,3.257411
a,GPP,2013-08-15,2.634541
a,Rainf,2013-08-15,2.649785
a,Tair,2013-08-15,25.996431
a,ET,2014-08-15,2.209023
a,GPP,2014-08-15,2.758558
a,Rainf,2014-08-15,1.389548
a,Tair,2014-08-15,25.510334
a,ET,2015-08-15,3.795149
a,GPP,2015-08-15,3.865304
a,Rainf,2015-08-15,4.032953
a,Tair,2015-08-15,26.126522
a,ET,2016-08-15,0.759647
a,GPP,2016-08-15,2.600573
a,Rainf,2016-08-15,0.004872
a,Tair,2016-08-15,25.855719
a,ET,2017-08-15,3.793755
a,GPP,2017-08-15,3.154295
a,Rainf,2017-08-15,5.496441
a,Tair,2017-08-15,27.690882
a,ET,2018-08-15,1.009203
a,GPP,2018-08-15,2.531468
a,Rainf,2018-08-15,0
a,Tair,2018-08-15,29.110111
a,ET,2019-08-15,1.720917
a,GPP,2019-08-15,2.308321
a,Rainf,2019-08-15,0.542792
a,Tair,2019-08-15,28.549746
a,ET,2013-09-01,1.218216
a,GPP,2013-09-01,2.944657
a,Rainf,2013-09-01,0.526295
a,Tair,2013-09-01,22.72661
a,ET,2014-09-01,2.720439
a,GPP,2014-09-01,3.084561
a,Rainf,2014-09-01,2.760868
a,Tair,2014-09-01,22.699825
a,ET,2015-09-01,2.664963
a,GPP,2015-09-01,2.731197
a,Rainf,2015-09-01,3.168106
a,Tair,2015-09-01,22.683054
a,ET,2016-09-01,1.83041
a,GPP,2016-09-01,2.412647
a,Rainf,2016-09-01,1.136528
a,Tair,2016-09-01,24.964979
a,ET,2017-09-01,1.031993
a,GPP,2017-09-01,2.703708
a,Rainf,2017-09-01,0
a,Tair,2017-09-01,28.110765
a,ET,2018-09-01,0.904221
a,GPP,2018-09-01,2.397172
a,Rainf,2018-09-01,0
a,Tair,2018-09-01,27.341805
a,ET,2019-09-01,1.258855
a,GPP,2019-09-01,1.633047
a,Rainf,2019-09-01,0.428487
a,Tair,2019-09-01,28.968363
a,ET,2013-09-15,1.169918
a,GPP,2013-09-15,3.075953
a,Rainf,2013-09-15,0.606098
a,Tair,2013-09-15,19.361378
a,ET,2014-09-15,1.78545
a,GPP,2014-09-15,3.137907
a,Rainf,2014-09-15,1.367837
a,Tair,2014-09-15,19.167555
a,ET,2015-09-15,1.928993
a,GPP,2015-09-15,2.8943
a,Rainf,2015-09-15,1.350515
a,Tair,2015-09-15,21.140831
a,ET,2016-09-15,1.410847
a,GPP,2016-09-15,2.726972
a,Rainf,2016-09-15,0.863098
a,Tair,2016-09-15,20.113207
a,ET,2017-09-15,1.091416
a,GPP,2017-09-15,3.004312
a,Rainf,2017-09-15,0.153775
a,Tair,2017-09-15,24.10018
a,ET,2018-09-15,0.810522
a,GPP,2018-09-15,3.105469
a,Rainf,2018-09-15,0
a,Tair,2018-09-15,21.343065
a,ET,2019-09-15,0.819403
a,GPP,2019-09-15,2.15142
a,Rainf,2019-09-15,0
a,Tair,2019-09-15,25.738853
a,ET,2013-10-01,1.505685
a,GPP,2013-10-01,2.609245
a,Rainf,2013-10-01,1.07075
a,Tair,2013-10-01,16.957586
a,ET,2014-10-01,0.513041
a,GPP,2014-10-01,2.722544
a,Rainf,2014-10-01,0.08116
a,Tair,2014-10-01,14.938107
a,ET,2015-10-01,1.106045
a,GPP,2015-10-01,2.568392
a,Rainf,2015-10-01,0.477291
a,Tair,2015-10-01,18.52182
a,ET,2016-10-01,1.791506
a,GPP,2016-10-01,2.431062
a,Rainf,2016-10-01,2.47971
a,Tair,2016-10-01,16.226276
a,ET,2017-10-01,2.27703
a,GPP,2017-10-01,2.666839
a,Rainf,2017-10-01,4.987999
a,Tair,2017-10-01,16.552538
a,ET,2018-10-01,1.108685
a,GPP,2018-10-01,2.940196
a,Rainf,2018-10-01,0.386368
a,Tair,2018-10-01,18.28838
a,ET,2019-10-01,1.245734
a,GPP,2019-10-01,2.387181
a,Rainf,2019-10-01,0.688266
a,Tair,2019-10-01,18.847147
a,ET,2013-10-15,0.580958
a,GPP,2013-10-15,2.502996
a,Rainf,2013-10-15,0.199676
a,Tair,2013-10-15,11.169905
a,ET,2014-10-15,1.56703
a,GPP,2014-10-15,2.418885
a,Rainf,2014-10-15,1.64655
a,Tair,2014-10-15,13.245672
a,ET,2015-10-15,1.421509
a,GPP,2015-10-15,2.542632
a,Rainf,2015-10-15,1.288972
a,Tair,2015-10-15,12.429669
a,ET,2016-10-15,1.5076
a,GPP,2016-10-15,2.079816
a,Rainf,2016-10-15,2.448217
a,Tair,2016-10-15,10.660443
a,ET,2017-10-15,0.427384
a,GPP,2017-10-15,2.798882
a,Rainf,2017-10-15,0.013916
a,Tair,2017-10-15,14.180473
a,ET,2018-10-15,0.944447
a,GPP,2018-10-15,2.977064
a,Rainf,2018-10-15,0.424171
a,Tair,2018-10-15,13.94891
a,ET,2019-10-15,0.827015
a,GPP,2019-10-15,2.448769
a,Rainf,2019-10-15,0.354982
a,Tair,2019-10-15,14.987138
a,ET,2013-11-01,0.372797
a,GPP,2013-11-01,2.251157
a,Rainf,2013-11-01,0.046134
a,Tair,2013-11-01,10.114762
a,ET,2014-11-01,0.49039
a,GPP,2014-11-01,2.135838
a,Rainf,2014-11-01,0.214174
a,Tair,2014-11-01,7.066822
a,ET,2015-11-01,1.169106
a,GPP,2015-11-01,1.859981
a,Rainf,2015-11-01,1.741683
a,Tair,2015-11-01,8.645654
a,ET,2016-11-01,0.231011
a,GPP,2016-11-01,2.138616
a,Rainf,2016-11-01,0
a,Tair,2016-11-01,7.35734
a,ET,2017-11-01,0.396237
a,GPP,2017-11-01,2.524236
a,Rainf,2017-11-01,0
a,Tair,2017-11-01,10.828876
a,ET,2018-11-01,0.426476
a,GPP,2018-11-01,2.889928
a,Rainf,2018-11-01,0
a,Tair,2018-11-01,11.552138
a,ET,2019-11-01,0.35931
a,GPP,2019-11-01,2.327804
a,Rainf,2019-11-01,0
a,Tair,2019-11-01,12.53823
a,ET,2013-11-15,0.316978
a,GPP,2013-11-15,2.026332
a,Rainf,2013-11-15,0.127702
a,Tair,2013-11-15,2.572807
a,ET,2014-11-15,0.293373
a,GPP,2014-11-15,1.962376
a,Rainf,2014-11-15,0.069125
a,Tair,2014-11-15,5.427014
a,ET,2015-11-15,0.251115
a,GPP,2015-11-15,1.595686
a,Rainf,2015-11-15,0.263895
a,Tair,2015-11-15,-1.682281
a,ET,2016-11-15,0.415987
a,GPP,2016-11-15,1.853473
a,Rainf,2016-11-15,0.366265
a,Tair,2016-11-15,1.651352
a,ET,2017-11-15,0.247485
a,GPP,2017-11-15,2.136495
a,Rainf,2017-11-15,0
a,Tair,2017-11-15,2.771787
a,ET,2018-11-15,0.369711
a,GPP,2018-11-15,2.814049
a,Rainf,2018-11-15,0
a,Tair,2018-11-15,6.382947
a,ET,2019-11-15,0.559346
a,GPP,2019-11-15,1.923345
a,Rainf,2019-11-15,0.453592
a,Tair,2019-11-15,3.800021
a,ET,2013-12-01,0.174159
a,GPP,2013-12-01,1.934621
a,Rainf,2013-12-01,0
a,Tair,2013-12-01,1.624064
a,ET,2014-12-01,0.250576
a,GPP,2014-12-01,1.866153
a,Rainf,2014-12-01,0.130988
a,Tair,2014-12-01,-2.003458
a,ET,2015-12-01,0.296837
a,GPP,2015-12-01,1.830756
a,Rainf,2015-12-01,0.241099
a,Tair,2015-12-01,0.918666
a,ET,2016-12-01,0.17382
a,GPP,2016-12-01,1.894287
a,Rainf,2016-12-01,0.016859
a,Tair,2016-12-01,1.08753
a,ET,2017-12-01,0.237268
a,GPP,2017-12-01,2.002467
a,Rainf,2017-12-01,0.023846
a,Tair,2017-12-01,1.186934
a,ET,2018-12-01,0.645483
a,GPP,2018-12-01,2.601369
a,Rainf,2018-12-01,0.530235
a,Tair,2018-12-01,-0.107032
a,ET,2019-12-01,0.511289
a,GPP,2019-12-01,2.078381
a,Rainf,2019-12-01,0.413665
a,Tair,2019-12-01,2.269436
a,ET,2013-12-15,0.130647
a,GPP,2013-12-15,1.82058
a,Rainf,2013-12-15,0.007861
a,Tair,2013-12-15,-2.182667
a,ET,2014-12-15,0.250617
a,GPP,2014-12-15,1.862195
a,Rainf,2014-12-15,0.125322
a,Tair,2014-12-15,-0.273999
a,ET,2015-12-15,0.156989
a,GPP,2015-12-15,1.816563
a,Rainf,2015-12-15,0
a,Tair,2015-12-15,0.483554
a,ET,2016-12-15,0.151777
a,GPP,2016-12-15,1.792323
a,Rainf,2016-12-15,0.000545
a,Tair,2016-12-15,0.424783
a,ET,2017-12-15,0.228076
a,GPP,2017-12-15,1.950602
a,Rainf,2017-12-15,0
a,Tair,2017-12-15,2.786512
a,ET,2018-12-15,0.271274
a,GPP,2018-12-15,2.567622
a,Rainf,2018-12-15,0
a,Tair,2018-12-15,0.583673
a,ET,2019-12-15,0.322279
a,GPP,2019-12-15,1.990884
a,Rainf,2019-12-15,0.235446
a,Tair,2019-12-15,0.112086
d,ET,2013-01-01,0.109391
d,GPP,2013-01-01,1.740555
d,Rainf,2013-01-01,0.043654
d,Tair,2013-01-01,-6.461937
d,ET,2014-01-01,0.155202
d,GPP,2014-01-01,1.784381
d,Rainf,2014-01-01,0.005287
d,Tair,2014-01-01,-2.246457
d,ET,2015-01-01,0.194168
d,GPP,2015-01-01,1.72392
d,Rainf,2015-01-01,0.036908
d,Tair,2015-01-01,-0.890906
d,ET,2016-01-01,0.183597
d,GPP,2016-01-01,1.770476
d,Rainf,2016-01-01,0.047185
d,Tair,2016-01-01,-2.610603
d,ET,2017-01-01,0.143352
d,GPP,2017-01-01,1.70638
d,Rainf,2017-01-01,0.011498
d,Tair,2017-01-01,-0.941595
d,ET,2018-01-01,0.205143
d,GPP,2018-01-01,1.743499
d,Rainf,2018-01-01,0.015911
d,Tair,2018-01-01,-1.232805
d,ET,2019-01-01,0.215312
d,GPP,2019-01-01,1.833312
d,Rainf,2019-01-01,0.012045
d,Tair,2019-01-01,-1.16964
d,ET,2013-01-15,0.247975
d,GPP,2013-01-15,1.866261
d,Rainf,2013-01-15,0.155416
d,Tair,2013-01-15,-3.042464
d,ET,2014-01-15,0.209801
d,GPP,2014-01-15,1.884888
d,Rainf,2014-01-15,0.024262
d,Tair,2014-01-15,0.033665
d,ET,2015-01-15,0.219017
d,GPP,2015-01-15,1.894766
d,Rainf,2015-01-15,0.023846
d,Tair,2015-01-15,-0.723168
d,ET,2016-01-15,0.125332
d,GPP,2016-01-15,1.851442
d,Rainf,2016-01-15,0
d,Tair,2016-01-15,-5.982481
d,ET,2017-01-15,0.615439
d,GPP,2017-01-15,1.878101
d,Rainf,2017-01-15,0.578518
d,Tair,2017-01-15,-2.867411
d,ET,2018-01-15,0.200956
d,GPP,2018-01-15,1.927241
d,Rainf,2018-01-15,0
d,Tair,2018-01-15,-2.098228
d,ET,2019-01-15,0.286969
d,GPP,2019-01-15,1.922589
d,Rainf,2019-01-15,0
d,Tair,2019-01-15,2.384662
d,ET,2013-02-01,0.155008
d,GPP,2013-02-01,1.959454
d,Rainf,2013-02-01,0.035076
d,Tair,2013-02-01,-2.913681
d,ET,2014-02-01,0.252116
d,GPP,2014-02-01,1.991997
d,Rainf,2014-02-01,0.099492
d,Tair,2014-02-01,-3.513581
d,ET,2015-02-01,0.302829
d,GPP,2015-02-01,2.120219
d,Rainf,2015-02-01,0
d,Tair,2015-02-01,1.826874
d,ET,2016-02-01,0.246859
d,GPP,2016-02-01,2.106111
d,Rainf,2016-02-01,0.001677
d,Tair,2016-02-01,0.958292
d,ET,2017-02-01,0.41993
d,GPP,2017-02-01,2.138998
d,Rainf,2017-02-01,0.162325
d,Tair,2017-02-01,0.767139
d,ET,2018-02-01,0.277146
d,GPP,2018-02-01,2.25133
d,Rainf,2018-02-01,0
d,Tair,2018-02-01,-1.366982
d,ET,2019-02-01,0.39472
d,GPP,2019-02-01,1.88517
d,Rainf,2019-02-01,0.208548
d,Tair,2019-02-01,-1.418737
d,ET,2013-02-15,0.414862
d,GPP,2013-02-15,2.146641
d,Rainf,2013-02-15,0.222532
d,Tair,2013-02-15,0.574872
d,ET,2014-02-15,0.49922
d,GPP,2014-02-15,2.135795
d,Rainf,2014-02-15,0.296767
d,Tair,2014-02-15,2.789148
d,ET,2015-02-15,0.9379
d,GPP,2015-02-15,2.214255
d,Rainf,2015-02-15,0.778709
d,Tair,2015-02-15,2.090881
d,ET,2016-02-15,0.394647
d,GPP,2016-02-15,2.311133
d,Rainf,2016-02-15,0.112481
d,Tair,2016-02-15,1.931775
d,ET,2017-02-15,0.294966
d,GPP,2017-02-15,2.22172
d,Rainf,2017-02-15,0
d,Tair,2017-02-15,4.215642
d,ET,2018-02-15,0.322848
d,GPP,2018-02-15,2.356229
d,Rainf,2018-02-15,0
d,Tair,2018-02-15,3.531354
d,ET,2019-02-15,0.353399
d,GPP,2019-02-15,2.285889
d,Rainf,2019-02-15,0
d,Tair,2019-02-15,5.472991
d,ET,2013-03-01,0.441678
d,GPP,2013-03-01,2.704637
d,Rainf,2013-03-01,0.081437
d,Tair,2013-03-01,5.60114
d,ET,2014-03-01,0.41896
d,GPP,2014-03-01,2.511539
d,Rainf,2014-03-01,0.025771
d,Tair,2014-03-01,5.752236
d,ET,2015-03-01,0.417819
d,GPP,2015-03-01,2.594545
d,Rainf,2015-03-01,0
d,Tair,2015-03-01,4.703263
d,ET,2016-03-01,0.381107
d,GPP,2016-03-01,2.510709
d,Rainf,2016-03-01,0
d,Tair,2016-03-01,5.999512
d,ET,2017-03-01,0.456796
d,GPP,2017-03-01,2.755007
d,Rainf,2017-03-01,0
d,Tair,2017-03-01,7.044717
d,ET,2018-03-01,0.579103
d,GPP,2018-03-01,2.503293
d,Rainf,2018-03-01,0.217808
d,Tair,2018-03-01,6.291018
d,ET,2019-03-01,0.499246
d,GPP,2019-03-01,2.640034
d,Rainf,2019-03-01,0
d,Tair,2019-03-01,10.166766
d,ET,2013-03-15,0.658657
d,GPP,2013-03-15,2.788027
d,Rainf,2013-03-15,0.256438
d,Tair,2013-03-15,7.017884
d,ET,2014-03-15,0.79335
d,GPP,2014-03-15,2.744727
d,Rainf,2014-03-15,0.204584
d,Tair,2014-03-15,14.01851
d,ET,2015-03-15,0.758605
d,GPP,2015-03-15,2.698592
d,Rainf,2015-03-15,0.150749
d,Tair,2015-03-15,13.195403
d,ET,2016-03-15,0.576416
d,GPP,2016-03-15,2.654746
d,Rainf,2016-03-15,0
d,Tair,2016-03-15,13.305181
d,ET,2017-03-15,0.995108
d,GPP,2017-03-15,2.706571
d,Rainf,2017-03-15,0.565769
d,Tair,2017-03-15,10.090042
d,ET,2018-03-15,0.574165
d,GPP,2018-03-15,2.524183
d,Rainf,2018-03-15,0
d,Tair,2018-03-15,13.593532
d,ET,2019-03-15,0.925103
d,GPP,2019-03-15,2.661936
d,Rainf,2019-03-15,0.347998
d,Tair,2019-03-15,12.58432
d,ET,2013-04-01,0.569179
d,GPP,2013-04-01,2.947657
d,Rainf,2013-04-01,0.019279
d,Tair,2013-04-01,9.250572
d,ET,2014-04-01,1.777982
d,GPP,2014-04-01,2.907113
d,Rainf,2014-04-01,0.974816
d,Tair,2014-04-01,15.846863
d,ET,2015-04-01,2.428982
d,GPP,2015-04-01,2.883569
d,Rainf,2015-04-01,2.456884
d,Tair,2015-04-01,11.092557
d,ET,2016-04-01,1.170686
d,GPP,2016-04-01,2.648369
d,Rainf,2016-04-01,0.58155
d,Tair,2016-04-01,14.588223
d,ET,2017-04-01,1.242072
d,GPP,2017-04-01,3.371912
d,Rainf,2017-04-01,0.553651
d,Tair,2017-04-01,15.107605
d,ET,2018-04-01,2.220225
d,GPP,2018-04-01,3.201497
d,Rainf,2018-04-01,2.068701
d,Tair,2018-04-01,12.477337
d,ET,2019-04-01,0.973925
d,GPP,2019-04-01,2.878383
d,Rainf,2019-04-01,0.29255
d,Tair,2019-04-01,14.725136
d,ET,2013-04-15,0.925752
d,GPP,2013-04-15,2.991925
d,Rainf,2013-04-15,0.14209
d,Tair,2013-04-15,15.590505
d,ET,2014-04-15,1.191243
d,GPP,2014-04-15,2.871902
d,Rainf,2014-04-15,0.230881
d,Tair,2014-04-15,17.733267
d,ET,2015-04-15,0.928549
d,GPP,2015-04-15,2.197323
d,Rainf,2015-04-15,0
d,Tair,2015-04-15,21.74453
d,ET,2016-04-15,1.404152
d,GPP,2016-04-15,2.37149
d,Rainf,2016-04-15,0.576271
d,Tair,2016-04-15,19.851719
d,ET,2017-04-15,1.16796
d,GPP,2017-04-15,2.782016
d,Rainf,2017-04-15,0.091853
d,Tair,2017-04-15,20.025579
d,ET,2018-04-15,1.650823
d,GPP,2018-04-15,2.742827
d,Rainf,2018-04-15,0.694723
d,Tair,2018-04-15,22.101658
d,ET,2019-04-15,3.056236
d,GPP,2019-04-15,2.831239
d,Rainf,2019-04-15,2.73875
d,Tair,2019-04-15,18.27817
d,ET,2013-05-01,2.603126
d,GPP,2013-05-01,2.503152
d,Rainf,2013-05-01,1.680445
d,Tair,2013-05-01,20.465975
d,ET,2014-05-01,3.226876
d,GPP,2014-05-01,2.737472
d,Rainf,2014-05-01,2.23733
d,Tair,2014-05-01,18.093744
d,ET,2015-05-01,3.66284
d,GPP,2015-05-01,2.727621
d,Rainf,2015-05-01,3.26039
d,Tair,2015-05-01,18.735826
d,ET,2016-05-01,4.022815
d,GPP,2016-05-01,2.45879
d,Rainf,2016-05-01,5.038271
d,Tair,2016-05-01,19.337986
d,ET,2017-05-01,2.672785
d,GPP,2017-05-01,2.296597
d,Rainf,2017-05-01,1.51259
d,Tair,2017-05-01,21.468779
d,ET,2018-05-01,3.747405
d,GPP,2018-05-01,2.277366
d,Rainf,2018-05-01,2.773056
d,Tair,2018-05-01,23.582781
d,ET,2019-05-01,3.36772
d,GPP,2019-05-01,2.156572
d,Rainf,2019-05-01,2.229156
d,Tair,2019-05-01,23.316082
d,ET,2013-05-15,1.335833
d,GPP,2013-05-15,2.164476
d,Rainf,2013-05-15,0.317033
d,Tair,2013-05-15,23.43396
d,ET,2014-05-15,2.679624
d,GPP,2014-05-15,1.690887
d,Rainf,2014-05-15,1.380488
d,Tair,2014-05-15,25.640978
d,ET,2015-05-15,2.571988
d,GPP,2015-05-15,1.579479
d,Rainf,2015-05-15,1.145729
d,Tair,2015-05-15,26.250191
d,ET,2016-05-15,1.666074
d,GPP,2016-05-15,1.668016
d,Rainf,2016-05-15,0.24864
d,Tair,2016-05-15,24.285168
d,ET,2017-05-15,3.353092
d,GPP,2017-05-15,1.93031
d,Rainf,2017-05-15,2.18088
d,Tair,2017-05-15,25.6819
d,ET,2018-05-15,2.06314
d,GPP,2018-05-15,1.504435
d,Rainf,2018-05-15,0.696464
d,Tair,2018-05-15,26.591764
d,ET,2019-05-15,3.361386
d,GPP,2019-05-15,1.122336
d,Rainf,2019-05-15,1.886342
d,Tair,2019-05-15,28.022747
d,ET,2013-06-01,1.760753
d,GPP,2013-06-01,2.553919
d,Rainf,2013-06-01,0.461762
d,Tair,2013-06-01,23.488579
d,ET,2014-06-01,2.540502
d,GPP,2014-06-01,2.918798
d,Rainf,2014-06-01,1.303087
d,Tair,2014-06-01,24.039839
d,ET,2015-06-01,4.546504
d,GPP,2015-06-01,3.208661
d,Rainf,2015-06-01,3.434718
d,Tair,2015-06-01,24.975048
d,ET,2016-06-01,3.005126
d,GPP,2016-06-01,2.270295
d,Rainf,2016-06-01,1.7424
d,Tair,2016-06-01,24.198404
d,ET,2017-06-01,1.643227
d,GPP,2017-06-01,2.984299
d,Rainf,2017-06-01,0
d,Tair,2017-06-01,24.257618
d,ET,2018-06-01,2.326624
d,GPP,2018-06-01,1.714649
d,Rainf,2018-06-01,0.884952
d,Tair,2018-06-01,27.515875
d,ET,2019-06-01,2.816456
d,GPP,2019-06-01,2.539979
d,Rainf,2019-06-01,1.189155
d,Tair,2019-06-01,27.17305
d,ET,2013-06-15,4.811709
d,GPP,2013-06-15,2.528955
d,Rainf,2013-06-15,5.001489
d,Tair,2013-06-15,24.805668
d,ET,2014-06-15,4.176466
d,GPP,2014-06-15,2.896855
d,Rainf,2014-06-15,3.173124
d,Tair,2014-06-15,26.069138
d,ET,2015-06-15,1.774065
d,GPP,2015-06-15,3.504258
d,Rainf,2015-06-15,0
d,Tair,2015-06-15,25.771172
d,ET,2016-06-15,3.566728
d,GPP,2016-06-15,1.813264
d,Rainf,2016-06-15,2.284311
d,Tair,2016-06-15,27.43977
d,ET,2017-06-15,3.779506
d,GPP,2017-06-15,3.470227
d,Rainf,2017-06-15,2.315408
d,Tair,2017-06-15,26.762476
d,ET,2018-06-15,1.572335
d,GPP,2018-06-15,1.179837
d,Rainf,2018-06-15,0
d,Tair,2018-06-15,30.66717
d,ET,2019-06-15,1.65668
d,GPP,2019-06-15,1.819331
d,Rainf,2019-06-15,0
d,Tair,2019-06-15,29.387032
d,ET,2013-07-01,5.463951
d,GPP,2013-07-01,2.883479
d,Rainf,2013-07-01,10.995756
d,Tair,2013-07-01,27.373926
d,ET,2014-07-01,4.234978
d,GPP,2014-07-01,2.431665
d,Rainf,2014-07-01,3.328672
d,Tair,2014-07-01,27.804359
d,ET,2015-07-01,4.225585
d,GPP,2015-07-01,3.411807
d,Rainf,2015-07-01,2.642456
d,Tair,2015-07-01,28.014296
d,ET,2016-07-01,2.665045
d,GPP,2016-07-01,2.334033
d,Rainf,2016-07-01,1.484054
d,Tair,2016-07-01,28.294706
d,ET,2017-07-01,4.829339
d,GPP,2017-07-01,3.713969
d,Rainf,2017-07-01,5.958401
d,Tair,2017-07-01,29.931065
d,ET,2018-07-01,4.494757
d,GPP,2018-07-01,2.722201
d,Rainf,2018-07-01,5.821984
d,Tair,2018-07-01,29.408756
d,ET,2019-07-01,4.529514
d,GPP,2019-07-01,2.287447
d,Rainf,2019-07-01,5.319824
d,Tair,2019-07-01,29.949205
d,ET,2013-07-15,4.208449
d,GPP,2013-07-15,2.730689
d,Rainf,2013-07-15,3.278578
d,Tair,2013-07-15,28.24873
d,ET,2014-07-15,3.47548
d,GPP,2014-07-15,2.441815
d,Rainf,2014-07-15,2.282605
d,Tair,2014-07-15,29.067774
d,ET,2015-07-15,5.30206
d,GPP,2015-07-15,4.351432
d,Rainf,2015-07-15,8.127758
d,Tair,2015-07-15,28.598303
d,ET,2016-07-15,5.685631
d,GPP,2016-07-15,2.978548
d,Rainf,2016-07-15,13.586236
d,Tair,2016-07-15,28.132359
d,ET,2017-07-15,3.956916
d,GPP,2017-07-15,3.294436
d,Rainf,2017-07-15,3.703255
d,Tair,2017-07-15,29.864225
d,ET,2018-07-15,6.565326
d,GPP,2018-07-15,2.366593
d,Rainf,2018-07-15,14.31321
d,Tair,2018-07-15,32.73838
d,ET,2019-07-15,4.828947
d,GPP,2019-07-15,1.969602
d,Rainf,2019-07-15,5.542787
d,Tair,2019-07-15,33.265659
d,ET,2013-08-01,4.278252
d,GPP,2013-08-01,2.546023
d,Rainf,2013-08-01,3.413155
d,Tair,2013-08-01,29.316645
d,ET,2014-08-01,4.120747
d,GPP,2014-08-01,2.69034
d,Rainf,2014-08-01,3.409186
d,Tair,2014-08-01,27.502176
d,ET,2015-08-01,3.525722
d,GPP,2015-08-01,3.433944
d,Rainf,2015-08-01,1.81561
d,Tair,2015-08-01,29.145159
d,ET,2016-08-01,4.314216
d,GPP,2016-08-01,2.532838
d,Rainf,2016-08-01,4.794208
d,Tair,2016-08-01,29.252178
d,ET,2017-08-01,5.011569
d,GPP,2017-08-01,2.172372
d,Rainf,2017-08-01,7.306374
d,Tair,2017-08-01,32.596142
d,ET,2018-08-01,5.335285
d,GPP,2018-08-01,1.956902
d,Rainf,2018-08-01,8.985968
d,Tair,2018-08-01,32.833359
d,ET,2019-08-01,4.607725
d,GPP,2019-08-01,2.518664
d,Rainf,2019-08-01,7.242204
d,Tair,2019-08-01,30.747328
d,ET,2013-08-15,3.561044
d,GPP,2013-08-15,2.556319
d,Rainf,2013-08-15,2.5963
d,Tair,2013-08-15,26.284765
d,ET,2014-08-15,2.510088
d,GPP,2014-08-15,2.685227
d,Rainf,2014-08-15,1.357204
d,Tair,2014-08-15,25.767241
d,ET,2015-08-15,4.312365
d,GPP,2015-08-15,3.637218
d,Rainf,2015-08-15,4.134313
d,Tair,2015-08-15,26.693483
d,ET,2016-08-15,1.08203
d,GPP,2016-08-15,2.390627
d,Rainf,2016-08-15,0
d,Tair,2016-08-15,26.290327
d,ET,2017-08-15,4.249556
d,GPP,2017-08-15,2.939418
d,Rainf,2017-08-15,5.480042
d,Tair,2017-08-15,28.09314
d,ET,2018-08-15,1.310234
d,GPP,2018-08-15,2.134624
d,Rainf,2018-08-15,0
d,Tair,2018-08-15,29.448841
d,ET,2019-08-15,2.149662
d,GPP,2019-08-15,1.81726
d,Rainf,2019-08-15,0.579437
d,Tair,2019-08-15,29.28146
d,ET,2013-09-01,1.294095
d,GPP,2013-09-01,2.917928
d,Rainf,2013-09-01,0.497402
d,Tair,2013-09-01,22.991447
d,ET,2014-09-01,2.83556
d,GPP,2014-09-01,3.039936
d,Rainf,2014-09-01,2.802184
d,Tair,2014-09-01,22.9923
d,ET,2015-09-01,2.810158
d,GPP,2015-09-01,2.7206
d,Rainf,2015-09-01,3.254266
d,Tair,2015-09-01,23.251459
d,ET,2016-09-01,2.089562
d,GPP,2016-09-01,2.219697
d,Rainf,2016-09-01,1.114244
d,Tair,2016-09-01,25.513754
d,ET,2017-09-01,1.35198
d,GPP,2017-09-01,2.470552
d,Rainf,2017-09-01,0
d,Tair,2017-09-01,28.549503
d,ET,2018-09-01,1.053281
d,GPP,2018-09-01,2.245895
d,Rainf,2018-09-01,0
d,Tair,2018-09-01,27.892296
d,ET,2019-09-01,1.397059
d,GPP,2019-09-01,1.4218
d,Rainf,2019-09-01,0.413533
d,Tair,2019-09-01,29.609888
d,ET,2013-09-15,1.242219
d,GPP,2013-09-15,3.060519
d,Rainf,2013-09-15,0.58767
d,Tair,2013-09-15,19.673836
d,ET,2014-09-15,1.821271
d,GPP,2014-09-15,3.119012
d,Rainf,2014-09-15,1.309491
d,Tair,2014-09-15,19.445429
d,ET,2015-09-15,2.009578
d,GPP,2015-09-15,2.892678
d,Rainf,2015-09-15,1.297353
d,Tair,2015-09-15,21.69908
d,ET,2016-09-15,1.639852
d,GPP,2016-09-15,2.513764
d,Rainf,2016-09-15,0.858202
d,Tair,2016-09-15,20.711691
d,ET,2017-09-15,1.301035
d,GPP,2017-09-15,2.771371
d,Rainf,2017-09-15,0.057676
d,Tair,2017-09-15,24.5842
d,ET,2018-09-15,0.946572
d,GPP,2018-09-15,3.004448
d,Rainf,2018-09-15,0
d,Tair,2018-09-15,21.875109
d,ET,2019-09-15,0.981757
d,GPP,2019-09-15,1.97805
d,Rainf,2019-09-15,0
d,Tair,2019-09-15,26.34234
d,ET,2013-10-01,1.571434
d,GPP,2013-10-01,2.516724
d,Rainf,2013-10-01,1.05883
d,Tair,2013-10-01,17.167393
d,ET,2014-10-01,0.691624
d,GPP,2014-10-01,2.616936
d,Rainf,2014-10-01,0.090672
d,Tair,2014-10-01,15.214364
d,ET,2015-10-01,1.245945
d,GPP,2015-10-01,2.562188
d,Rainf,2015-10-01,0.468921
d,Tair,2015-10-01,19.033554
d,ET,2016-10-01,1.794544
d,GPP,2016-10-01,2.287522
d,Rainf,2016-10-01,2.364244
d,Tair,2016-10-01,16.708096
d,ET,2017-10-01,2.429197
d,GPP,2017-10-01,2.76651
d,Rainf,2017-10-01,5.051532
d,Tair,2017-10-01,17.012577
d,ET,2018-10-01,1.239982
d,GPP,2018-10-01,2.993241
d,Rainf,2018-10-01,0.372974
d,Tair,2018-10-01,18.798294
d,ET,2019-10-01,1.343133
d,GPP,2019-10-01,2.243256
d,Rainf,2019-10-01,0.663059
d,Tair,2019-10-01,19.34746
d,ET,2013-10-15,0.647736
d,GPP,2013-10-15,2.429399
d,Rainf,2013-10-15,0.207427
d,Tair,2013-10-15,11.477605
d,ET,2014-10-15,1.679238
d,GPP,2014-10-15,2.318239
d,Rainf,2014-10-15,1.617396
d,Tair,2014-10-15,13.511482
d,ET,2015-10-15,1.510812
d,GPP,2015-10-15,2.582877
d,Rainf,2015-10-15,1.33936
d,Tair,2015-10-15,12.941566
d,ET,2016-10-15,1.522286
d,GPP,2016-10-15,1.952073
d,Rainf,2016-10-15,2.449044
d,Tair,2016-10-15,11.160518
d,ET,2017-10-15,0.503024
d,GPP,2017-10-15,2.92141
d,Rainf,2017-10-15,0
d,Tair,2017-10-15,14.655437
d,ET,2018-10-15,1.035531
d,GPP,2018-10-15,3.06078
d,Rainf,2018-10-15,0.405952
d,Tair,2018-10-15,14.440295
d,ET,2019-10-15,0.902468
d,GPP,2019-10-15,2.352252
d,Rainf,2019-10-15,0.333378
d,Tair,2019-10-15,15.561295
d,ET,2013-11-01,0.420448
d,GPP,2013-11-01,2.211742
d,Rainf,2013-11-01,0.045322
d,Tair,2013-11-01,10.403745
d,ET,2014-11-01,0.544236
d,GPP,2014-11-01,2.047663
d,Rainf,2014-11-01,0.228041
d,Tair,2014-11-01,7.333271
d,ET,2015-11-01,1.189665
d,GPP,2015-11-01,1.757697
d,Rainf,2015-11-01,1.689525
d,Tair,2015-11-01,9.109492
d,ET,2016-11-01,0.252399
d,GPP,2016-11-01,2.012245
d,Rainf,2016-11-01,0
d,Tair,2016-11-01,7.824611
d,ET,2017-11-01,0.468385
d,GPP,2017-11-01,2.562844
d,Rainf,2017-11-01,0
d,Tair,2017-11-01,11.273235
d,ET,2018-11-01,0.535847
d,GPP,2018-11-01,3.200709
d,Rainf,2018-11-01,0
d,Tair,2018-11-01,11.998574
d,ET,2019-11-01,0.437979
d,GPP,2019-11-01,2.300958
d,Rainf,2019-11-01,0
d,Tair,2019-11-01,13.07888
d,ET,2013-11-15,0.357682
d,GPP,2013-11-15,1.98751
d,Rainf,2013-11-15,0.133768
d,Tair,2013-11-15,2.859355
d,ET,2014-11-15,0.310298
d,GPP,2014-11-15,1.883189
d,Rainf,2014-11-15,0.053814
d,Tair,2014-11-15,5.746964
d,ET,2015-11-15,0.243325
d,GPP,2015-11-15,1.506821
d,Rainf,2015-11-15,0.252413
d,Tair,2015-11-15,-1.212319
d,ET,2016-11-15,0.402064
d,GPP,2016-11-15,1.738827
d,Rainf,2016-11-15,0.335724
d,Tair,2016-11-15,2.125755
d,ET,2017-11-15,0.294019
d,GPP,2017-11-15,2.176176
d,Rainf,2017-11-15,0
d,Tair,2017-11-15,3.215338
d,ET,2018-11-15,0.463517
d,GPP,2018-11-15,3.12457
d,Rainf,2018-11-15,0
d,Tair,2018-11-15,6.762598
d,ET,2019-11-15,0.595666
d,GPP,2019-11-15,1.918285
d,Rainf,2019-11-15,0.441488
d,Tair,2019-11-15,4.416474
d,ET,2013-12-01,0.194273
d,GPP,2013-12-01,1.816996
d,Rainf,2013-12-01,0
d,Tair,2013-12-01,1.938647
d,ET,2014-12-01,0.258539
d,GPP,2014-12-01,1.750232
d,Rainf,2014-12-01,0.116884
d,Tair,2014-12-01,-1.744713
d,ET,2015-12-01,0.310574
d,GPP,2015-12-01,1.718782
d,Rainf,2015-12-01,0.24258
d,Tair,2015-12-01,1.453346
d,ET,2016-12-01,0.1892
d,GPP,2016-12-01,1.822939
d,Rainf,2016-12-01,0.006015
d,Tair,2016-12-01,1.500239
d,ET,2017-12-01,0.264217
d,GPP,2017-12-01,1.972828
d,Rainf,2017-12-01,0.010191
d,Tair,2017-12-01,1.591898
d,ET,2018-12-01,0.752029
d,GPP,2018-12-01,2.902002
d,Rainf,2018-12-01,0.558254
d,Tair,2018-12-01,0.363448
d,ET,2019-12-01,0.537473
d,GPP,2019-12-01,2.081387
d,Rainf,2019-12-01,0.394871
d,Tair,2019-12-01,2.698593
d,ET,2013-12-15,0.145502
d,GPP,2013-12-15,1.710195
d,Rainf,2013-12-15,0.007644
d,Tair,2013-12-15,-1.896341
d,ET,2014-12-15,0.27103
d,GPP,2014-12-15,1.750382
d,Rainf,2014-12-15,0.127176
d,Tair,2014-12-15,0.071357
d,ET,2015-12-15,0.174319
d,GPP,2015-12-15,1.698203
d,Rainf,2015-12-15,0
d,Tair,2015-12-15,0.873949
d,ET,2016-12-15,0.172469
d,GPP,2016-12-15,1.73078
d,Rainf,2016-12-15,0
d,Tair,2016-12-15,0.761146
d,ET,2017-12-15,0.262776
d,GPP,2017-12-15,1.920954
d,Rainf,2017-12-15,0
d,Tair,2017-12-15,3.115571
d,ET,2018-12-15,0.347517
d,GPP,2018-12-15,2.866153
d,Rainf,2018-12-15,0
d,Tair,2018-12-15,0.980909
d,ET,2019-12-15,0.356455
d,GPP,2019-12-15,2.001996
d,Rainf,2019-12-15,0.242863
d,Tair,2019-12-15,0.44886
e,ET,2013-01-01,0.112114
e,GPP,2013-01-01,1.895595
e,Rainf,2013-01-01,0.04705
e,Tair,2013-01-01,-6.586102
e,ET,2014-01-01,0.157522
e,GPP,2014-01-01,1.945749
e,Rainf,2014-01-01,0.005852
e,Tair,2014-01-01,-2.344102
e,ET,2015-01-01,0.212173
e,GPP,2015-01-01,1.875579
e,Rainf,2015-01-01,0.047244
e,Tair,2015-01-01,-0.977388
e,ET,2016-01-01,0.193991
e,GPP,2016-01-01,1.937193
e,Rainf,2016-01-01,0.044877
e,Tair,2016-01-01,-2.729949
e,ET,2017-01-01,0.138675
e,GPP,2017-01-01,1.833225
e,Rainf,2017-01-01,0.008194
e,Tair,2017-01-01,-1.089036
e,ET,2018-01-01,0.218329
e,GPP,2018-01-01,1.848014
e,Rainf,2018-01-01,0.034401
e,Tair,2018-01-01,-1.316746
e,ET,2019-01-01,0.2101
e,GPP,2019-01-01,1.942491
e,Rainf,2019-01-01,0.01141
e,Tair,2019-01-01,-1.227312
e,ET,2013-01-15,0.242234
e,GPP,2013-01-15,2.037128
e,Rainf,2013-01-15,0.148316
e,Tair,2013-01-15,-3.134877
e,ET,2014-01-15,0.212919
e,GPP,2014-01-15,2.055872
e,Rainf,2014-01-15,0.027104
e,Tair,2014-01-15,-0.070007
e,ET,2015-01-15,0.213579
e,GPP,2015-01-15,2.06064
e,Rainf,2015-01-15,0.020834
e,Tair,2015-01-15,-0.910241
e,ET,2016-01-15,0.124137
e,GPP,2016-01-15,2.018718
e,Rainf,2016-01-15,0
e,Tair,2016-01-15,-6.189688
e,ET,2017-01-15,0.666585
e,GPP,2017-01-15,1.996871
e,Rainf,2017-01-15,0.54804
e,Tair,2017-01-15,-3.111876
e,ET,2018-01-15,0.193101
e,GPP,2018-01-15,2.038455
e,Rainf,2018-01-15,0
e,Tair,2018-01-15,-2.204129
e,ET,2019-01-15,0.277002
e,GPP,2019-01-15,2.038007
e,Rainf,2019-01-15,0
e,Tair,2019-01-15,2.299833
e,ET,2013-02-01,0.149556
e,GPP,2013-02-01,2.140522
e,Rainf,2013-02-01,0.031941
e,Tair,2013-02-01,-3.031558
e,ET,2014-02-01,0.240764
e,GPP,2014-02-01,2.123188
e,Rainf,2014-02-01,0.099271
e,Tair,2014-02-01,-3.592238
e,ET,2015-02-01,0.284223
e,GPP,2015-02-01,2.253631
e,Rainf,2015-02-01,0
e,Tair,2015-02-01,1.710221
e,ET,2016-02-01,0.325868
e,GPP,2016-02-01,2.232836
e,Rainf,2016-02-01,0.085815
e,Tair,2016-02-01,0.8225
e,ET,2017-02-01,0.364725
e,GPP,2017-02-01,2.281134
e,Rainf,2017-02-01,0.113158
e,Tair,2017-02-01,0.606825
e,ET,2018-02-01,0.256363
e,GPP,2018-02-01,2.304938
e,Rainf,2018-02-01,0
e,Tair,2018-02-01,-1.464519
e,ET,2019-02-01,0.382025
e,GPP,2019-02-01,2.017694
e,Rainf,2019-02-01,0.186473
e,Tair,2019-02-01,-1.505802
e,ET,2013-02-15,0.409488
e,GPP,2013-02-15,2.349194
e,Rainf,2013-02-15,0.218549
e,Tair,2013-02-15,0.510647
e,ET,2014-02-15,0.479441
e,GPP,2014-02-15,2.279684
e,Rainf,2014-02-15,0.294032
e,Tair,2014-02-15,2.704676
e,ET,2015-02-15,1.033673
e,GPP,2015-02-15,2.358061
e,Rainf,2015-02-15,0.82654
e,Tair,2015-02-15,2.010913
e,ET,2016-02-15,0.370884
e,GPP,2016-02-15,2.452931
e,Rainf,2016-02-15,0.096983
e,Tair,2016-02-15,1.76043
e,ET,2017-02-15,0.287191
e,GPP,2017-02-15,2.376461
e,Rainf,2017-02-15,0
e,Tair,2017-02-15,4.094647
e,ET,2018-02-15,0.300901
e,GPP,2018-02-15,2.419683
e,Rainf,2018-02-15,0
e,Tair,2018-02-15,3.472979
e,ET,2019-02-15,0.343391
e,GPP,2019-02-15,2.45278
e,Rainf,2019-02-15,0
e,Tair,2019-02-15,5.401095
e,ET,2013-03-01,0.423849
e,GPP,2013-03-01,2.761626
e,Rainf,2013-03-01,0.093963
e,Tair,2013-03-01,5.52656
e,ET,2014-03-01,0.395625
e,GPP,2014-03-01,2.683062
e,Rainf,2014-03-01,0.027312
e,Tair,2014-03-01,5.694379
e,ET,2015-03-01,0.383373
e,GPP,2015-03-01,2.769926
e,Rainf,2015-03-01,0
e,Tair,2015-03-01,4.537332
e,ET,2016-03-01,0.373554
e,GPP,2016-03-01,2.680459
e,Rainf,2016-03-01,0
e,Tair,2016-03-01,5.82448
e,ET,2017-03-01,0.438472
e,GPP,2017-03-01,2.863973
e,Rainf,2017-03-01,0
e,Tair,2017-03-01,6.904138
e,ET,2018-03-01,0.523163
e,GPP,2018-03-01,2.676135
e,Rainf,2018-03-01,0.184131
e,Tair,2018-03-01,6.207046
e,ET,2019-03-01,0.487245
e,GPP,2019-03-01,2.83289
e,Rainf,2019-03-01,0
e,Tair,2019-03-01,10.020452
e,ET,2013-03-15,0.633632
e,GPP,2013-03-15,2.848949
e,Rainf,2013-03-15,0.268497
e,Tair,2013-03-15,6.937962
e,ET,2014-03-15,0.755454
e,GPP,2014-03-15,2.941431
e,Rainf,2014-03-15,0.208332
e,Tair,2014-03-15,13.945378
e,ET,2015-03-15,0.598051
e,GPP,2015-03-15,2.903015
e,Rainf,2015-03-15,0.038623
e,Tair,2015-03-15,13.036189
e,ET,2016-03-15,0.565582
e,GPP,2016-03-15,2.842725
e,Rainf,2016-03-15,0
e,Tair,2016-03-15,13.156655
e,ET,2017-03-15,0.943609
e,GPP,2017-03-15,2.812397
e,Rainf,2017-03-15,0.534214
e,Tair,2017-03-15,9.916436
e,ET,2018-03-15,0.540857
e,GPP,2018-03-15,2.699103
e,Rainf,2018-03-15,0
e,Tair,2018-03-15,13.559074
e,ET,2019-03-15,0.781206
e,GPP,2019-03-15,2.852023
e,Rainf,2019-03-15,0.220021
e,Tair,2019-03-15,12.473284
e,ET,2013-04-01,0.508468
e,GPP,2013-04-01,3.032044
e,Rainf,2013-04-01,0.019902
e,Tair,2013-04-01,9.181356
e,ET,2014-04-01,1.571507
e,GPP,2014-04-01,2.979966
e,Rainf,2014-04-01,0.95447
e,Tair,2014-04-01,15.783771
e,ET,2015-04-01,2.526866
e,GPP,2015-04-01,3.007599
e,Rainf,2015-04-01,2.409263
e,Tair,2015-04-01,11.013308
e,ET,2016-04-01,1.16415
e,GPP,2016-04-01,2.841287
e,Rainf,2016-04-01,0.587713
e,Tair,2016-04-01,14.434121
e,ET,2017-04-01,1.126504
e,GPP,2017-04-01,3.168753
e,Rainf,2017-04-01,0.520669
e,Tair,2017-04-01,15.00607
e,ET,2018-04-01,2.326318
e,GPP,2018-04-01,3.118761
e,Rainf,2018-04-01,2.087979
e,Tair,2018-04-01,12.400647
e,ET,2019-04-01,0.940974
e,GPP,2019-04-01,2.911433
e,Rainf,2019-04-01,0.317308
e,Tair,2019-04-01,14.685057
e,ET,2013-04-15,0.848037
e,GPP,2013-04-15,3.079629
e,Rainf,2013-04-15,0.152238
e,Tair,2013-04-15,15.552621
e,ET,2014-04-15,0.973736
e,GPP,2014-04-15,2.934552
e,Rainf,2014-04-15,0.238549
e,Tair,2014-04-15,17.68836
e,ET,2015-04-15,0.8629
e,GPP,2015-04-15,2.259575
e,Rainf,2015-04-15,0
e,Tair,2015-04-15,21.667761
e,ET,2016-04-15,1.301404
e,GPP,2016-04-15,2.531617
e,Rainf,2016-04-15,0.496775
e,Tair,2016-04-15,19.69626
e,ET,2017-04-15,0.944424
e,GPP,2017-04-15,2.565468
e,Rainf,2017-04-15,0.012016
e,Tair,2017-04-15,19.94643
e,ET,2018-04-15,1.43144
e,GPP,2018-04-15,2.636468
e,Rainf,2018-04-15,0.576411
e,Tair,2018-04-15,22.069609
e,ET,2019-04-15,3.141703
e,GPP,2019-04-15,2.864967
e,Rainf,2019-04-15,2.676974
e,Tair,2019-04-15,18.248413
e,ET,2013-05-01,2.493771
e,GPP,2013-05-01,2.5514
e,Rainf,2013-05-01,1.671492
e,Tair,2013-05-01,20.449896
e,ET,2014-05-01,2.925136
e,GPP,2014-05-01,2.78957
e,Rainf,2014-05-01,2.149031
e,Tair,2014-05-01,18.046509
e,ET,2015-05-01,3.566562
e,GPP,2015-05-01,2.650882
e,Rainf,2015-05-01,3.210773
e,Tair,2015-05-01,18.663425
e,ET,2016-05-01,3.845981
e,GPP,2016-05-01,2.549444
e,Rainf,2016-05-01,5.017859
e,Tair,2016-05-01,19.265314
e,ET,2017-05-01,2.392064
e,GPP,2017-05-01,2.237189
e,Rainf,2017-05-01,1.479432
e,Tair,2017-05-01,21.348387
e,ET,2018-05-01,3.490917
e,GPP,2018-05-01,2.233225
e,Rainf,2018-05-01,2.679535
e,Tair,2018-05-01,23.515783
e,ET,2019-05-01,3.11298
e,GPP,2019-05-01,1.903477
e,Rainf,2019-05-01,2.230839
e,Tair,2019-05-01,23.271559
e,ET,2013-05-15,1.216441
e,GPP,2013-05-15,2.177955
e,Rainf,2013-05-15,0.31203
e,Tair,2013-05-15,23.438919
e,ET,2014-05-15,2.433188
e,GPP,2014-05-15,1.667726
e,Rainf,2014-05-15,1.474284
e,Tair,2014-05-15,25.635185
e,ET,2015-05-15,2.114834
e,GPP,2015-05-15,1.47749
e,Rainf,2015-05-15,1.083843
e,Tair,2015-05-15,26.142921
e,ET,2016-05-15,1.217801
e,GPP,2016-05-15,1.702958
e,Rainf,2016-05-15,0.275949
e,Tair,2016-05-15,24.12081
e,ET,2017-05-15,3.150583
e,GPP,2017-05-15,1.830468
e,Rainf,2017-05-15,2.189375
e,Tair,2017-05-15,25.656601
e,ET,2018-05-15,1.754712
e,GPP,2018-05-15,1.392577
e,Rainf,2018-05-15,0.772333
e,Tair,2018-05-15,26.615101
e,ET,2019-05-15,3.036933
e,GPP,2019-05-15,0.918592
e,Rainf,2019-05-15,1.997281
e,Tair,2019-05-15,27.933901
e,ET,2013-06-01,1.365662
e,GPP,2013-06-01,2.530126
e,Rainf,2013-06-01,0.491064
e,Tair,2013-06-01,23.484562
e,ET,2014-06-01,2.156966
e,GPP,2014-06-01,2.799552
e,Rainf,2014-06-01,1.302868
e,Tair,2014-06-01,24.019268
e,ET,2015-06-01,4.104567
e,GPP,2015-06-01,2.422683
e,Rainf,2015-06-01,3.301204
e,Tair,2015-06-01,24.934454
e,ET,2016-06-01,2.53975
e,GPP,2016-06-01,2.339682
e,Rainf,2016-06-01,1.676669
e,Tair,2016-06-01,24.114618
e,ET,2017-06-01,1.053432
e,GPP,2017-06-01,2.395059
e,Rainf,2017-06-01,0
e,Tair,2017-06-01,24.214748
e,ET,2018-06-01,1.691611
e,GPP,2018-06-01,1.411851
e,Rainf,2018-06-01,0.78482
e,Tair,2018-06-01,27.548246
e,ET,2019-06-01,2.124936
e,GPP,2019-06-01,2.128923
e,Rainf,2019-06-01,1.030071
e,Tair,2019-06-01,27.278685
e,ET,2013-06-15,4.650815
e,GPP,2013-06-15,2.51552
e,Rainf,2013-06-15,5.017035
e,Tair,2013-06-15,24.744989
e,ET,2014-06-15,3.97366
e,GPP,2014-06-15,2.784479
e,Rainf,2014-06-15,3.1828
e,Tair,2014-06-15,26.022167
e,ET,2015-06-15,1.012285
e,GPP,2015-06-15,2.703784
e,Rainf,2015-06-15,0
e,Tair,2015-06-15,25.651428
e,ET,2016-06-15,3.043347
e,GPP,2016-06-15,1.848201
e,Rainf,2016-06-15,2.14467
e,Tair,2016-06-15,27.320429
e,ET,2017-06-15,3.309312
e,GPP,2017-06-15,2.826179
e,Rainf,2017-06-15,2.310839
e,Tair,2017-06-15,26.640068
e,ET,2018-06-15,0.972718
e,GPP,2018-06-15,0.932649
e,Rainf,2018-06-15,0
e,Tair,2018-06-15,30.585098
e,ET,2019-06-15,1.099602
e,GPP,2019-06-15,1.551341
e,Rainf,2019-06-15,0
e,Tair,2019-06-15,29.297163
e,ET,2013-07-01,5.664806
e,GPP,2013-07-01,2.879041
e,Rainf,2013-07-01,10.704862
e,Tair,2013-07-01,27.372908
e,ET,2014-07-01,4.085302
e,GPP,2014-07-01,2.322388
e,Rainf,2014-07-01,3.33713
e,Tair,2014-07-01,27.750818
e,ET,2015-07-01,3.66696
e,GPP,2015-07-01,2.604878
e,Rainf,2015-07-01,2.649062
e,Tair,2015-07-01,27.864382
e,ET,2016-07-01,2.44262
e,GPP,2016-07-01,2.4315
e,Rainf,2016-07-01,1.602828
e,Tair,2016-07-01,28.12826
e,ET,2017-07-01,4.657682
e,GPP,2017-07-01,3.081481
e,Rainf,2017-07-01,5.932668
e,Tair,2017-07-01,29.739302
e,ET,2018-07-01,4.521864
e,GPP,2018-07-01,2.410509
e,Rainf,2018-07-01,5.969647
e,Tair,2018-07-01,29.349247
e,ET,2019-07-01,4.353361
e,GPP,2019-07-01,1.960154
e,Rainf,2019-07-01,5.277347
e,Tair,2019-07-01,29.898783
e,ET,2013-07-15,4.096753
e,GPP,2013-07-15,2.719112
e,Rainf,2013-07-15,3.341224
e,Tair,2013-07-15,28.218199
e,ET,2014-07-15,3.101202
e,GPP,2014-07-15,2.308285
e,Rainf,2014-07-15,2.240211
e,Tair,2014-07-15,29.078054
e,ET,2015-07-15,5.197571
e,GPP,2015-07-15,3.33512
e,Rainf,2015-07-15,7.97899
e,Tair,2015-07-15,28.521084
e,ET,2016-07-15,6.013551
e,GPP,2016-07-15,3.090344
e,Rainf,2016-07-15,13.16678
e,Tair,2016-07-15,28.044916
e,ET,2017-07-15,3.754357
e,GPP,2017-07-15,2.6784
e,Rainf,2017-07-15,3.661255
e,Tair,2017-07-15,29.863209
e,ET,2018-07-15,6.791918
e,GPP,2018-07-15,2.021775
e,Rainf,2018-07-15,13.817868
e,Tair,2018-07-15,32.743118
e,ET,2019-07-15,4.608359
e,GPP,2019-07-15,1.640919
e,Rainf,2019-07-15,5.407577
e,Tair,2019-07-15,33.235329
e,ET,2013-08-01,4.147212
e,GPP,2013-08-01,2.52054
e,Rainf,2013-08-01,3.404063
e,Tair,2013-08-01,29.2712
e,ET,2014-08-01,3.970868
e,GPP,2014-08-01,2.5745
e,Rainf,2014-08-01,3.300173
e,Tair,2014-08-01,27.454491
e,ET,2015-08-01,2.780195
e,GPP,2015-08-01,2.586814
e,Rainf,2015-08-01,1.731624
e,Tair,2015-08-01,29.084112
e,ET,2016-08-01,4.185144
e,GPP,2016-08-01,2.603634
e,Rainf,2016-08-01,4.665494
e,Tair,2016-08-01,29.175476
e,ET,2017-08-01,4.867046
e,GPP,2017-08-01,1.664348
e,Rainf,2017-08-01,7.268329
e,Tair,2017-08-01,32.567093
e,ET,2018-08-01,5.363971
e,GPP,2018-08-01,1.640446
e,Rainf,2018-08-01,8.626536
e,Tair,2018-08-01,32.875332
e,ET,2019-08-01,4.599473
e,GPP,2019-08-01,2.148965
e,Rainf,2019-08-01,7.185085
e,Tair,2019-08-01,30.794977
e,ET,2013-08-15,3.346365
e,GPP,2013-08-15,2.543007
e,Rainf,2013-08-15,2.586405
e,Tair,2013-08-15,26.22592
e,ET,2014-08-15,2.226574
e,GPP,2014-08-15,2.566438
e,Rainf,2014-08-15,1.410763
e,Tair,2014-08-15,25.738617
e,ET,2015-08-15,3.975375
e,GPP,2015-08-15,2.771312
e,Rainf,2015-08-15,3.983866
e,Tair,2015-08-15,26.620531
e,ET,2016-08-15,0.782495
e,GPP,2016-08-15,2.435081
e,Rainf,2016-08-15,0.000389
e,Tair,2016-08-15,26.286077
e,ET,2017-08-15,4.071703
e,GPP,2017-08-15,2.357492
e,Rainf,2017-08-15,5.299954
e,Tair,2017-08-15,28.103704
e,ET,2018-08-15,0.851451
e,GPP,2018-08-15,1.785764
e,Rainf,2018-08-15,0.000254
e,Tair,2018-08-15,29.494265
e,ET,2019-08-15,1.553066
e,GPP,2019-08-15,1.541974
e,Rainf,2019-08-15,0.483282
e,Tair,2019-08-15,29.189135
e,ET,2013-09-01,1.189567
e,GPP,2013-09-01,2.769505
e,Rainf,2013-09-01,0.497461
e,Tair,2013-09-01,22.910917
e,ET,2014-09-01,2.915291
e,GPP,2014-09-01,2.861635
e,Rainf,2014-09-01,2.666095
e,Tair,2014-09-01,22.946707
e,ET,2015-09-01,2.916255
e,GPP,2015-09-01,2.578892
e,Rainf,2015-09-01,3.162864
e,Tair,2015-09-01,23.164871
e,ET,2016-09-01,1.943466
e,GPP,2016-09-01,2.262841
e,Rainf,2016-09-01,1.216191
e,Tair,2016-09-01,25.440445
e,ET,2017-09-01,0.927315
e,GPP,2017-09-01,1.967288
e,Rainf,2017-09-01,0
e,Tair,2017-09-01,28.529915
e,ET,2018-09-01,0.877908
e,GPP,2018-09-01,1.912072
e,Rainf,2018-09-01,0.000158
e,Tair,2018-09-01,27.818043
e,ET,2019-09-01,1.370186
e,GPP,2019-09-01,1.241611
e,Rainf,2019-09-01,0.539632
e,Tair,2019-09-01,29.557358
e,ET,2013-09-15,1.163516
e,GPP,2013-09-15,2.918663
e,Rainf,2013-09-15,0.59246
e,Tair,2013-09-15,19.61632
e,ET,2014-09-15,1.878287
e,GPP,2014-09-15,2.941678
e,Rainf,2014-09-15,1.412341
e,Tair,2014-09-15,19.348879
e,ET,2015-09-15,2.02859
e,GPP,2015-09-15,2.760561
e,Rainf,2015-09-15,1.398143
e,Tair,2015-09-15,21.539248
e,ET,2016-09-15,1.402997
e,GPP,2016-09-15,2.631339
e,Rainf,2016-09-15,0.819429
e,Tair,2016-09-15,20.557442
e,ET,2017-09-15,1.015056
e,GPP,2017-09-15,2.274925
e,Rainf,2017-09-15,0.15394
e,Tair,2017-09-15,24.475798
e,ET,2018-09-15,0.794858
e,GPP,2018-09-15,2.634227
e,Rainf,2018-09-15,0
e,Tair,2018-09-15,21.774487
e,ET,2019-09-15,0.830039
e,GPP,2019-09-15,1.788353
e,Rainf,2019-09-15,0
e,Tair,2019-09-15,26.275434
e,ET,2013-10-01,1.563307
e,GPP,2013-10-01,2.589148
e,Rainf,2013-10-01,1.048567
e,Tair,2013-10-01,17.120665
e,ET,2014-10-01,0.537382
e,GPP,2014-10-01,2.707255
e,Rainf,2014-10-01,0.082034
e,Tair,2014-10-01,15.151911
e,ET,2015-10-01,1.137705
e,GPP,2015-10-01,2.432541
e,Rainf,2015-10-01,0.478244
e,Tair,2015-10-01,18.920681
e,ET,2016-10-01,1.997322
e,GPP,2016-10-01,2.472864
e,Rainf,2016-10-01,2.427516
e,Tair,2016-10-01,16.578211
e,ET,2017-10-01,2.577271
e,GPP,2017-10-01,2.394378
e,Rainf,2017-10-01,4.920085
e,Tair,2017-10-01,16.995371
e,ET,2018-10-01,1.145746
e,GPP,2018-10-01,2.634207
e,Rainf,2018-10-01,0.409431
e,Tair,2018-10-01,18.672102
e,ET,2019-10-01,1.310928
e,GPP,2019-10-01,2.192977
e,Rainf,2019-10-01,0.725262
e,Tair,2019-10-01,19.353767
e,ET,2013-10-15,0.623166
e,GPP,2013-10-15,2.495346
e,Rainf,2013-10-15,0.216143
e,Tair,2013-10-15,11.392363
e,ET,2014-10-15,1.71978
e,GPP,2014-10-15,2.400165
e,Rainf,2014-10-15,1.640715
e,Tair,2014-10-15,13.437002
e,ET,2015-10-15,1.553022
e,GPP,2015-10-15,2.461939
e,Rainf,2015-10-15,1.299468
e,Tair,2015-10-15,12.846134
e,ET,2016-10-15,1.738724
e,GPP,2016-10-15,2.10129
e,Rainf,2016-10-15,2.549293
e,Tair,2016-10-15,11.052847
e,ET,2017-10-15,0.497458
e,GPP,2017-10-15,2.535142
e,Rainf,2017-10-15,0.079232
e,Tair,2017-10-15,14.604306
e,ET,2018-10-15,1.015313
e,GPP,2018-10-15,2.702038
e,Rainf,2018-10-15,0.462099
e,Tair,2018-10-15,14.363936
e,ET,2019-10-15,0.898407
e,GPP,2019-10-15,2.306634
e,Rainf,2019-10-15,0.401525
e,Tair,2019-10-15,15.454319
e,ET,2013-11-01,0.408653
e,GPP,2013-11-01,2.261865
e,Rainf,2013-11-01,0.050643
e,Tair,2013-11-01,10.344271
e,ET,2014-11-01,0.54325
e,GPP,2014-11-01,2.187904
e,Rainf,2014-11-01,0.222599
e,Tair,2014-11-01,7.256082
e,ET,2015-11-01,1.342109
e,GPP,2015-11-01,1.886205
e,Rainf,2015-11-01,1.783481
e,Tair,2015-11-01,9.034712
e,ET,2016-11-01,0.2591
e,GPP,2016-11-01,2.166815
e,Rainf,2016-11-01,0
e,Tair,2016-11-01,7.709879
e,ET,2017-11-01,0.431939
e,GPP,2017-11-01,2.477831
e,Rainf,2017-11-01,0
e,Tair,2017-11-01,11.177312
e,ET,2018-11-01,0.436703
e,GPP,2018-11-01,2.667058
e,Rainf,2018-11-01,0
e,Tair,2018-11-01,11.901234
e,ET,2019-11-01,0.392453
e,GPP,2019-11-01,2.287139
e,Rainf,2019-11-01,0
e,Tair,2019-11-01,12.967244
e,ET,2013-11-15,0.357157
e,GPP,2013-11-15,2.033658
e,Rainf,2013-11-15,0.12457
e,Tair,2013-11-15,2.773035
e,ET,2014-11-15,0.303943
e,GPP,2014-11-15,2.011872
e,Rainf,2014-11-15,0.053178
e,Tair,2014-11-15,5.639233
e,ET,2015-11-15,0.295573
e,GPP,2015-11-15,1.616409
e,Rainf,2015-11-15,0.301559
e,Tair,2015-11-15,-1.326939
e,ET,2016-11-15,0.55372
e,GPP,2016-11-15,1.870033
e,Rainf,2016-11-15,0.448534
e,Tair,2016-11-15,1.990236
e,ET,2017-11-15,0.270964
e,GPP,2017-11-15,2.100049
e,Rainf,2017-11-15,0
e,Tair,2017-11-15,3.15036
e,ET,2018-11-15,0.380015
e,GPP,2018-11-15,2.593532
e,Rainf,2018-11-15,0
e,Tair,2018-11-15,6.694108
e,ET,2019-11-15,0.650575
e,GPP,2019-11-15,1.905321
e,Rainf,2019-11-15,0.457582
e,Tair,2019-11-15,4.23947
e,ET,2013-12-01,0.198311
e,GPP,2013-12-01,1.984735
e,Rainf,2013-12-01,0
e,Tair,2013-12-01,1.846828
e,ET,2014-12-01,0.293775
e,GPP,2014-12-01,1.910706
e,Rainf,2014-12-01,0.128408
e,Tair,2014-12-01,-1.832849
e,ET,2015-12-01,0.331177
e,GPP,2015-12-01,1.880533
e,Rainf,2015-12-01,0.212752
e,Tair,2015-12-01,1.29114
e,ET,2016-12-01,0.188208
e,GPP,2016-12-01,1.940512
e,Rainf,2016-12-01,0.005252
e,Tair,2016-12-01,1.36399
e,ET,2017-12-01,0.248508
e,GPP,2017-12-01,2.042519
e,Rainf,2017-12-01,0.003906
e,Tair,2017-12-01,1.5194
e,ET,2018-12-01,0.694934
e,GPP,2018-12-01,2.406053
e,Rainf,2018-12-01,0.483933
e,Tair,2018-12-01,0.228616
e,ET,2019-12-01,0.577517
e,GPP,2019-12-01,2.062598
e,Rainf,2019-12-01,0.392202
e,Tair,2019-12-01,2.511118
e,ET,2013-12-15,0.149408
e,GPP,2013-12-15,1.865334
e,Rainf,2013-12-15,0.007684
e,Tair,2013-12-15,-1.967889
e,ET,2014-12-15,0.301123
e,GPP,2014-12-15,1.909276
e,Rainf,2014-12-15,0.130595
e,Tair,2014-12-15,-0.038624
e,ET,2015-12-15,0.178457
e,GPP,2015-12-15,1.860577
e,Rainf,2015-12-15,0
e,Tair,2015-12-15,0.771861
e,ET,2016-12-15,0.179487
e,GPP,2016-12-15,1.831409
e,Rainf,2016-12-15,0.008694
e,Tair,2016-12-15,0.683301
e,ET,2017-12-15,0.253451
e,GPP,2017-12-15,1.991686
e,Rainf,2017-12-15,0
e,Tair,2017-12-15,3.085113
e,ET,2018-12-15,0.280534
e,GPP,2018-12-15,2.37395
e,Rainf,2018-12-15,0
e,Tair,2018-12-15,0.906294
e,ET,2019-12-15,0.391863
e,GPP,2019-12-15,1.970093
e,Rainf,2019-12-15,0.259962
e,Tair,2019-12-15,0.275001
EW,ET,2013-01-01,0.112853
EW,GPP,2013-01-01,1.866676
EW,Rainf,2013-01-01,0.0478
EW,Tair,2013-01-01,-6.491748
EW,ET,2014-01-01,0.157212
EW,GPP,2014-01-01,1.915692
EW,Rainf,2014-01-01,0.005822
EW,Tair,2014-01-01,-2.235607
EW,ET,2015-01-01,0.207404
EW,GPP,2015-01-01,1.849405
EW,Rainf,2015-01-01,0.045083
EW,Tair,2015-01-01,-0.889576
EW,ET,2016-01-01,0.190474
EW,GPP,2016-01-01,1.918489
EW,Rainf,2016-01-01,0.042314
EW,Tair,2016-01-01,-2.60338
EW,ET,2017-01-01,0.140815
EW,GPP,2017-01-01,1.812794
EW,Rainf,2017-01-01,0.009182
EW,Tair,2017-01-01,-0.951788
EW,ET,2018-01-01,0.213618
EW,GPP,2018-01-01,1.832929
EW,Rainf,2018-01-01,0.030304
EW,Tair,2018-01-01,-1.253503
EW,ET,2019-01-01,0.213486
EW,GPP,2019-01-01,1.930781
EW,Rainf,2019-01-01,0.011792
EW,Tair,2019-01-01,-1.207294
EW,ET,2013-01-15,0.243817
EW,GPP,2013-01-15,2.004079
EW,Rainf,2013-01-15,0.149614
EW,Tair,2013-01-15,-3.058656
EW,ET,2014-01-15,0.212541
EW,GPP,2014-01-15,2.023406
EW,Rainf,2014-01-15,0.026608
EW,Tair,2014-01-15,0.018877
EW,ET,2015-01-15,0.216856
EW,GPP,2015-01-15,2.03683
EW,Rainf,2015-01-15,0.022186
EW,Tair,2015-01-15,-0.758093
EW,ET,2016-01-15,0.126119
EW,GPP,2016-01-15,2.002553
EW,Rainf,2016-01-15,0
EW,Tair,2016-01-15,-6.046863
EW,ET,2017-01-15,0.661223
EW,GPP,2017-01-15,1.987653
EW,Rainf,2017-01-15,0.560228
EW,Tair,2017-01-15,-2.947046
EW,ET,2018-01-15,0.194391
EW,GPP,2018-01-15,2.024561
EW,Rainf,2018-01-15,0
EW,Tair,2018-01-15,-2.1522
EW,ET,2019-01-15,0.283433
EW,GPP,2019-01-15,2.030244
EW,Rainf,2019-01-15,0
EW,Tair,2019-01-15,2.317217
EW,ET,2013-02-01,0.152474
EW,GPP,2013-02-01,2.105937
EW,Rainf,2013-02-01,0.034083
EW,Tair,2013-02-01,-2.91988
EW,ET,2014-02-01,0.240621
EW,GPP,2014-02-01,2.111282
EW,Rainf,2014-02-01,0.092184
EW,Tair,2014-02-01,-3.523673
EW,ET,2015-02-01,0.296508
EW,GPP,2015-02-01,2.244022
EW,Rainf,2015-02-01,0
EW,Tair,2015-02-01,1.874936
EW,ET,2016-02-01,0.310764
EW,GPP,2016-02-01,2.221445
EW,Rainf,2016-02-01,0.064727
EW,Tair,2016-02-01,1.013855
EW,ET,2017-02-01,0.37195
EW,GPP,2017-02-01,2.265256
EW,Rainf,2017-02-01,0.116692
EW,Tair,2017-02-01,0.759835
EW,ET,2018-02-01,0.260416
EW,GPP,2018-02-01,2.271442
EW,Rainf,2018-02-01,0
EW,Tair,2018-02-01,-1.390051
EW,ET,2019-02-01,0.384856
EW,GPP,2019-02-01,2.004409
EW,Rainf,2019-02-01,0.190418
EW,Tair,2019-02-01,-1.411474
EW,ET,2013-02-15,0.412179
EW,GPP,2013-02-15,2.308622
EW,Rainf,2013-02-15,0.220908
EW,Tair,2013-02-15,0.54974
EW,ET,2014-02-15,0.492835
EW,GPP,2014-02-15,2.264089
EW,Rainf,2014-02-15,0.298315
EW,Tair,2014-02-15,2.796285
EW,ET,2015-02-15,1.014676
EW,GPP,2015-02-15,2.346181
EW,Rainf,2015-02-15,0.816816
EW,Tair,2015-02-15,2.112529
EW,ET,2016-02-15,0.381696
EW,GPP,2016-02-15,2.440495
EW,Rainf,2016-02-15,0.101326
EW,Tair,2016-02-15,1.900529
EW,ET,2017-02-15,0.290529
EW,GPP,2017-02-15,2.354688
EW,Rainf,2017-02-15,0
EW,Tair,2017-02-15,4.22596
EW,ET,2018-02-15,0.303701
EW,GPP,2018-02-15,2.386097
EW,Rainf,2018-02-15,0
EW,Tair,2018-02-15,3.502298
EW,ET,2019-02-15,0.347479
EW,GPP,2019-02-15,2.438251
EW,Rainf,2019-02-15,0
EW,Tair,2019-02-15,5.446304
EW,ET,2013-03-01,0.423367
EW,GPP,2013-03-01,2.74643
EW,Rainf,2013-03-01,0.080702
EW,Tair,2013-03-01,5.587626
EW,ET,2014-03-01,0.410154
EW,GPP,2014-03-01,2.665796
EW,Rainf,2014-03-01,0.027473
EW,Tair,2014-03-01,5.751473
EW,ET,2015-03-01,0.400366
EW,GPP,2015-03-01,2.752776
EW,Rainf,2015-03-01,0
EW,Tair,2015-03-01,4.674882
EW,ET,2016-03-01,0.380388
EW,GPP,2016-03-01,2.655261
EW,Rainf,2016-03-01,0
EW,Tair,2016-03-01,5.992248
EW,ET,2017-03-01,0.451768
EW,GPP,2017-03-01,2.845002
EW,Rainf,2017-03-01,0
EW,Tair,2017-03-01,7.045667
EW,ET,2018-03-01,0.538249
EW,GPP,2018-03-01,2.657887
EW,Rainf,2018-03-01,0.187871
EW,Tair,2018-03-01,6.284809
EW,ET,2019-03-01,0.505097
EW,GPP,2019-03-01,2.808787
EW,Rainf,2019-03-01,0
EW,Tair,2019-03-01,10.14965
EW,ET,2013-03-15,0.652081
EW,GPP,2013-03-15,2.828488
EW,Rainf,2013-03-15,0.273623
EW,Tair,2013-03-15,6.987982
EW,ET,2014-03-15,0.777285
EW,GPP,2014-03-15,2.91864
EW,Rainf,2014-03-15,0.207733
EW,Tair,2014-03-15,14.017786
EW,ET,2015-03-15,0.646816
EW,GPP,2015-03-15,2.868202
EW,Rainf,2015-03-15,0.061844
EW,Tair,2015-03-15,13.200058
EW,ET,2016-03-15,0.57518
EW,GPP,2016-03-15,2.810131
EW,Rainf,2016-03-15,0
EW,Tair,2016-03-15,13.309746
EW,ET,2017-03-15,0.956662
EW,GPP,2017-03-15,2.79424
EW,Rainf,2017-03-15,0.531956
EW,Tair,2017-03-15,10.10798
EW,ET,2018-03-15,0.558699
EW,GPP,2018-03-15,2.685605
EW,Rainf,2018-03-15,0
EW,Tair,2018-03-15,13.59518
EW,ET,2019-03-15,0.830996
EW,GPP,2019-03-15,2.832587
EW,Rainf,2019-03-15,0.249336
EW,Tair,2019-03-15,12.54998
EW,ET,2013-04-01,0.520732
EW,GPP,2013-04-01,2.9947
EW,Rainf,2013-04-01,0.016635
EW,Tair,2013-04-01,9.239213
EW,ET,2014-04-01,1.636716
EW,GPP,2014-04-01,2.963488
EW,Rainf,2014-04-01,0.992958
EW,Tair,2014-04-01,15.829223
EW,ET,2015-04-01,2.521108
EW,GPP,2015-04-01,2.986936
EW,Rainf,2015-04-01,2.414318
EW,Tair,2015-04-01,11.110984
EW,ET,2016-04-01,1.161427
EW,GPP,2016-04-01,2.805254
EW,Rainf,2016-04-01,0.575967
EW,Tair,2016-04-01,14.587529
EW,ET,2017-04-01,1.153311
EW,GPP,2017-04-01,3.181179
EW,Rainf,2017-04-01,0.516293
EW,Tair,2017-04-01,15.104601
EW,ET,2018-04-01,2.306782
EW,GPP,2018-04-01,3.111891
EW,Rainf,2018-04-01,2.049389
EW,Tair,2018-04-01,12.445663
EW,ET,2019-04-01,0.950847
EW,GPP,2019-04-01,2.924256
EW,Rainf,2019-04-01,0.299327
EW,Tair,2019-04-01,14.718094
EW,ET,2013-04-15,0.871401
EW,GPP,2013-04-15,3.035229
EW,Rainf,2013-04-15,0.15254
EW,Tair,2013-04-15,15.620933
EW,ET,2014-04-15,0.96701
EW,GPP,2014-04-15,2.907817
EW,Rainf,2014-04-15,0.197002
EW,Tair,2014-04-15,17.776409
EW,ET,2015-04-15,0.900199
EW,GPP,2015-04-15,2.236092
EW,Rainf,2015-04-15,0
EW,Tair,2015-04-15,21.796133
EW,ET,2016-04-15,1.357037
EW,GPP,2016-04-15,2.487826
EW,Rainf,2016-04-15,0.536662
EW,Tair,2016-04-15,19.874386
EW,ET,2017-04-15,1.035024
EW,GPP,2017-04-15,2.566983
EW,Rainf,2017-04-15,0.046715
EW,Tair,2017-04-15,20.067089
EW,ET,2018-04-15,1.527334
EW,GPP,2018-04-15,2.63015
EW,Rainf,2018-04-15,0.633553
EW,Tair,2018-04-15,22.123774
EW,ET,2019-04-15,3.155442
EW,GPP,2019-04-15,2.86786
EW,Rainf,2019-04-15,2.717745
EW,Tair,2019-04-15,18.324717
EW,ET,2013-05-01,2.57632
EW,GPP,2013-05-01,2.518301
EW,Rainf,2013-05-01,1.728667
EW,Tair,2013-05-01,20.494341
EW,ET,2014-05-01,2.932626
EW,GPP,2014-05-01,2.766498
EW,Rainf,2014-05-01,2.108432
EW,Tair,2014-05-01,18.094908
EW,ET,2015-05-01,3.596517
EW,GPP,2015-05-01,2.616833
EW,Rainf,2015-05-01,3.233515
EW,Tair,2015-05-01,18.792772
EW,ET,2016-05-01,3.83881
EW,GPP,2016-05-01,2.505761
EW,Rainf,2016-05-01,5.032814
EW,Tair,2016-05-01,19.407042
EW,ET,2017-05-01,2.476769
EW,GPP,2017-05-01,2.233756
EW,Rainf,2017-05-01,1.505788
EW,Tair,2017-05-01,21.516335
EW,ET,2018-05-01,3.54535
EW,GPP,2018-05-01,2.226446
EW,Rainf,2018-05-01,2.717873
EW,Tair,2018-05-01,23.539606
EW,ET,2019-05-01,3.154549
EW,GPP,2019-05-01,1.942164
EW,Rainf,2019-05-01,2.232805
EW,Tair,2019-05-01,23.275482
EW,ET,2013-05-15,1.210806
EW,GPP,2013-05-15,2.148055
EW,Rainf,2013-05-15,0.27714
EW,Tair,2013-05-15,23.485975
EW,ET,2014-05-15,2.526243
EW,GPP,2014-05-15,1.658212
EW,Rainf,2014-05-15,1.518602
EW,Tair,2014-05-15,25.656099
EW,ET,2015-05-15,2.178965
EW,GPP,2015-05-15,1.428746
EW,Rainf,2015-05-15,1.094442
EW,Tair,2015-05-15,26.299744
EW,ET,2016-05-15,1.256074
EW,GPP,2016-05-15,1.647001
EW,Rainf,2016-05-15,0.257362
EW,Tair,2016-05-15,24.326895
EW,ET,2017-05-15,3.191386
EW,GPP,2017-05-15,1.824865
EW,Rainf,2017-05-15,2.17586
EW,Tair,2017-05-15,25.783058
EW,ET,2018-05-15,1.765564
EW,GPP,2018-05-15,1.406018
EW,Rainf,2018-05-15,0.734082
EW,Tair,2018-05-15,26.605795
EW,ET,2019-05-15,3.073538
EW,GPP,2019-05-15,0.942589
EW,Rainf,2019-05-15,1.960575
EW,Tair,2019-05-15,27.942263
EW,ET,2013-06-01,1.402951
EW,GPP,2013-06-01,2.520877
EW,Rainf,2013-06-01,0.482716
EW,Tair,2013-06-01,23.508636
EW,ET,2014-06-01,2.2167
EW,GPP,2014-06-01,2.747761
EW,Rainf,2014-06-01,1.336692
EW,Tair,2014-06-01,24.041435
EW,ET,2015-06-01,4.140105
EW,GPP,2015-06-01,2.397823
EW,Rainf,2015-06-01,3.389991
EW,Tair,2015-06-01,25.020849
EW,ET,2016-06-01,2.63026
EW,GPP,2016-06-01,2.297911
EW,Rainf,2016-06-01,1.72109
EW,Tair,2016-06-01,24.245556
EW,ET,2017-06-01,1.10245
EW,GPP,2017-06-01,2.363803
EW,Rainf,2017-06-01,0
EW,Tair,2017-06-01,24.317211
EW,ET,2018-06-01,1.790109
EW,GPP,2018-06-01,1.432826
EW,Rainf,2018-06-01,0.844447
EW,Tair,2018-06-01,27.506697
EW,ET,2019-06-01,2.268291
EW,GPP,2019-06-01,2.220188
EW,Rainf,2019-06-01,1.108484
EW,Tair,2019-06-01,27.170744
EW,ET,2013-06-15,4.654198
EW,GPP,2013-06-15,2.493203
EW,Rainf,2013-06-15,5.010673
EW,Tair,2013-06-15,24.825228
EW,ET,2014-06-15,3.985676
EW,GPP,2014-06-15,2.724938
EW,Rainf,2014-06-15,3.174961
EW,Tair,2014-06-15,26.089926
EW,ET,2015-06-15,1.060126
EW,GPP,2015-06-15,2.647587
EW,Rainf,2015-06-15,0
EW,Tair,2015-06-15,25.815023
EW,ET,2016-06-15,3.113569
EW,GPP,2016-06-15,1.826405
EW,Rainf,2016-06-15,2.167215
EW,Tair,2016-06-15,27.432247
EW,ET,2017-06-15,3.328285
EW,GPP,2017-06-15,2.788981
EW,Rainf,2017-06-15,2.290236
EW,Tair,2017-06-15,26.788031
EW,ET,2018-06-15,1.019778
EW,GPP,2018-06-15,0.955902
EW,Rainf,2018-06-15,0
EW,Tair,2018-06-15,30.571947
EW,ET,2019-06-15,1.169178
EW,GPP,2019-06-15,1.575825
EW,Rainf,2019-06-15,0
EW,Tair,2019-06-15,29.298512
EW,ET,2013-07-01,5.629529
EW,GPP,2013-07-01,2.867492
EW,Rainf,2013-07-01,10.899426
EW,Tair,2013-07-01,27.420439
EW,ET,2014-07-01,4.085137
EW,GPP,2014-07-01,2.262399
EW,Rainf,2014-07-01,3.300682
EW,Tair,2014-07-01,27.825886
EW,ET,2015-07-01,3.742628
EW,GPP,2015-07-01,2.543677
EW,Rainf,2015-07-01,2.688824
EW,Tair,2015-07-01,28.043314
EW,ET,2016-07-01,2.485271
EW,GPP,2016-07-01,2.37078
EW,Rainf,2016-07-01,1.607934
EW,Tair,2016-07-01,28.316286
EW,ET,2017-07-01,4.639793
EW,GPP,2017-07-01,3.026049
EW,Rainf,2017-07-01,5.96894
EW,Tair,2017-07-01,29.923529
EW,ET,2018-07-01,4.492918
EW,GPP,2018-07-01,2.427911
EW,Rainf,2018-07-01,5.957674
EW,Tair,2018-07-01,29.327105
EW,ET,2019-07-01,4.367518
EW,GPP,2019-07-01,2.057382
EW,Rainf,2019-07-01,5.319634
EW,Tair,2019-07-01,29.802567
EW,ET,2013-07-15,4.084884
EW,GPP,2013-07-15,2.697236
EW,Rainf,2013-07-15,3.316415
EW,Tair,2013-07-15,28.295317
EW,ET,2014-07-15,3.192353
EW,GPP,2014-07-15,2.266309
EW,Rainf,2014-07-15,2.296836
EW,Tair,2014-07-15,29.106224
EW,ET,2015-07-15,5.18583
EW,GPP,2015-07-15,3.328215
EW,Rainf,2015-07-15,8.015752
EW,Tair,2015-07-15,28.629932
EW,ET,2016-07-15,5.884893
EW,GPP,2016-07-15,3.043427
EW,Rainf,2016-07-15,13.296685
EW,Tair,2016-07-15,28.198635
EW,ET,2017-07-15,3.751843
EW,GPP,2017-07-15,2.717265
EW,Rainf,2017-07-15,3.676412
EW,Tair,2017-07-15,29.816824
EW,ET,2018-07-15,6.739718
EW,GPP,2018-07-15,2.115389
EW,Rainf,2018-07-15,13.993972
EW,Tair,2018-07-15,32.585625
EW,ET,2019-07-15,4.613678
EW,GPP,2019-07-15,1.7267
EW,Rainf,2019-07-15,5.433992
EW,Tair,2019-07-15,33.167412
EW,ET,2013-08-01,4.159828
EW,GPP,2013-08-01,2.503468
EW,Rainf,2013-08-01,3.444324
EW,Tair,2013-08-01,29.346617
EW,ET,2014-08-01,3.98732
EW,GPP,2014-08-01,2.517634
EW,Rainf,2014-08-01,3.345001
EW,Tair,2014-08-01,27.518946
EW,ET,2015-08-01,2.847426
EW,GPP,2015-08-01,2.574378
EW,Rainf,2015-08-01,1.7572
EW,Tair,2015-08-01,29.180893
EW,ET,2016-08-01,4.16626
EW,GPP,2016-08-01,2.567362
EW,Rainf,2016-08-01,4.69862
EW,Tair,2016-08-01,29.314436
EW,ET,2017-08-01,4.846782
EW,GPP,2017-08-01,1.757297
EW,Rainf,2017-08-01,7.283633
EW,Tair,2017-08-01,32.459454
EW,ET,2018-08-01,5.330628
EW,GPP,2018-08-01,1.727889
EW,Rainf,2018-08-01,8.735571
EW,Tair,2018-08-01,32.698627
EW,ET,2019-08-01,4.567285
EW,GPP,2019-08-01,2.297978
EW,Rainf,2019-08-01,7.202713
EW,Tair,2019-08-01,30.59495
EW,ET,2013-08-15,3.339867
EW,GPP,2013-08-15,2.521377
EW,Rainf,2013-08-15,2.552758
EW,Tair,2013-08-15,26.318146
EW,ET,2014-08-15,2.244501
EW,GPP,2014-08-15,2.510214
EW,Rainf,2014-08-15,1.402575
EW,Tair,2014-08-15,25.802015
EW,ET,2015-08-15,4.00238
EW,GPP,2015-08-15,2.750729
EW,Rainf,2015-08-15,4.044487
EW,Tair,2015-08-15,26.752317
EW,ET,2016-08-15,0.815654
EW,GPP,2016-08-15,2.414007
EW,Rainf,2016-08-15,0
EW,Tair,2016-08-15,26.357946
EW,ET,2017-08-15,4.064191
EW,GPP,2017-08-15,2.423368
EW,Rainf,2017-08-15,5.343399
EW,Tair,2017-08-15,27.990078
EW,ET,2018-08-15,0.880921
EW,GPP,2018-08-15,1.880874
EW,Rainf,2018-08-15,0
EW,Tair,2018-08-15,29.313677
EW,ET,2019-08-15,1.652099
EW,GPP,2019-08-15,1.606693
EW,Rainf,2019-08-15,0.518559
EW,Tair,2019-08-15,29.105188
EW,ET,2013-09-01,1.197385
EW,GPP,2013-09-01,2.727147
EW,Rainf,2013-09-01,0.484262
EW,Tair,2013-09-01,22.992695
EW,ET,2014-09-01,2.914558
EW,GPP,2014-09-01,2.861094
EW,Rainf,2014-09-01,2.705961
EW,Tair,2014-09-01,23.029976
EW,ET,2015-09-01,2.91344
EW,GPP,2015-09-01,2.525451
EW,Rainf,2015-09-01,3.208107
EW,Tair,2015-09-01,23.316782
EW,ET,2016-09-01,1.957963
EW,GPP,2016-09-01,2.245213
EW,Rainf,2016-09-01,1.202383
EW,Tair,2016-09-01,25.596525
EW,ET,2017-09-01,0.957965
EW,GPP,2017-09-01,2.02036
EW,Rainf,2017-09-01,0
EW,Tair,2017-09-01,28.455984
EW,ET,2018-09-01,0.903241
EW,GPP,2018-09-01,1.965958
EW,Rainf,2018-09-01,0
EW,Tair,2018-09-01,27.764971
EW,ET,2019-09-01,1.387865
EW,GPP,2019-09-01,1.296585
EW,Rainf,2019-09-01,0.521549
EW,Tair,2019-09-01,29.47175
EW,ET,2013-09-15,1.175367
EW,GPP,2013-09-15,2.87413
EW,Rainf,2013-09-15,0.584972
EW,Tair,2013-09-15,19.720886
EW,ET,2014-09-15,1.852006
EW,GPP,2014-09-15,2.948758
EW,Rainf,2014-09-15,1.365956
EW,Tair,2014-09-15,19.424782
EW,ET,2015-09-15,2.003295
EW,GPP,2015-09-15,2.697738
EW,Rainf,2015-09-15,1.350693
EW,Tair,2015-09-15,21.699686
EW,ET,2016-09-15,1.423049
EW,GPP,2016-09-15,2.584619
EW,Rainf,2016-09-15,0.813067
EW,Tair,2016-09-15,20.761213
EW,ET,2017-09-15,0.990281
EW,GPP,2017-09-15,2.302161
EW,Rainf,2017-09-15,0.10103
EW,Tair,2017-09-15,24.427593
EW,ET,2018-09-15,0.814601
EW,GPP,2018-09-15,2.650581
EW,Rainf,2018-09-15,0
EW,Tair,2018-09-15,21.74617
EW,ET,2019-09-15,0.865526
EW,GPP,2019-09-15,1.845367
EW,Rainf,2019-09-15,0
EW,Tair,2019-09-15,26.153545
EW,ET,2013-10-01,1.561172
EW,GPP,2013-10-01,2.552901
EW,Rainf,2013-10-01,1.041671
EW,Tair,2013-10-01,17.168854
EW,ET,2014-10-01,0.557289
EW,GPP,2014-10-01,2.681316
EW,Rainf,2014-10-01,0.086873
EW,Tair,2014-10-01,15.240704
EW,ET,2015-10-01,1.151671
EW,GPP,2015-10-01,2.379912
EW,Rainf,2015-10-01,0.473238
EW,Tair,2015-10-01,19.045843
EW,ET,2016-10-01,1.931584
EW,GPP,2016-10-01,2.442136
EW,Rainf,2016-10-01,2.389857
EW,Tair,2016-10-01,16.749231
EW,ET,2017-10-01,2.531782
EW,GPP,2017-10-01,2.434101
EW,Rainf,2017-10-01,4.959585
EW,Tair,2017-10-01,17.015547
EW,ET,2018-10-01,1.191399
EW,GPP,2018-10-01,2.789048
EW,Rainf,2018-10-01,0.398191
EW,Tair,2018-10-01,18.683168
EW,ET,2019-10-01,1.314024
EW,GPP,2019-10-01,2.209049
EW,Rainf,2019-10-01,0.706972
EW,Tair,2019-10-01,19.273685
EW,ET,2013-10-15,0.638187
EW,GPP,2013-10-15,2.46621
EW,Rainf,2013-10-15,0.222142
EW,Tair,2013-10-15,11.5017
EW,ET,2014-10-15,1.694078
EW,GPP,2014-10-15,2.374419
EW,Rainf,2014-10-15,1.623439
EW,Tair,2014-10-15,13.515455
EW,ET,2015-10-15,1.534588
EW,GPP,2015-10-15,2.413488
EW,Rainf,2015-10-15,1.316138
EW,Tair,2015-10-15,12.995057
EW,ET,2016-10-15,1.668697
EW,GPP,2016-10-15,2.07398
EW,Rainf,2016-10-15,2.529763
EW,Tair,2016-10-15,11.214488
EW,ET,2017-10-15,0.490594
EW,GPP,2017-10-15,2.561762
EW,Rainf,2017-10-15,0.058478
EW,Tair,2017-10-15,14.653408
EW,ET,2018-10-15,1.036038
EW,GPP,2018-10-15,2.84903
EW,Rainf,2018-10-15,0.447487
EW,Tair,2018-10-15,14.390155
EW,ET,2019-10-15,0.894634
EW,GPP,2019-10-15,2.330851
EW,Rainf,2019-10-15,0.381541
EW,Tair,2019-10-15,15.475382
EW,ET,2013-11-01,0.415467
EW,GPP,2013-11-01,2.24774
EW,Rainf,2013-11-01,0.049243
EW,Tair,2013-11-01,10.436551
EW,ET,2014-11-01,0.555194
EW,GPP,2014-11-01,2.172035
EW,Rainf,2014-11-01,0.230276
EW,Tair,2014-11-01,7.341586
EW,ET,2015-11-01,1.303143
EW,GPP,2015-11-01,1.858907
EW,Rainf,2015-11-01,1.757786
EW,Tair,2015-11-01,9.185782
EW,ET,2016-11-01,0.256694
EW,GPP,2016-11-01,2.136
EW,Rainf,2016-11-01,0
EW,Tair,2016-11-01,7.835171
EW,ET,2017-11-01,0.440095
EW,GPP,2017-11-01,2.504751
EW,Rainf,2017-11-01,0
EW,Tair,2017-11-01,11.201283
EW,ET,2018-11-01,0.456873
EW,GPP,2018-11-01,2.753887
EW,Rainf,2018-11-01,0
EW,Tair,2018-11-01,11.946869
EW,ET,2019-11-01,0.403056
EW,GPP,2019-11-01,2.28528
EW,Rainf,2019-11-01,0
EW,Tair,2019-11-01,12.990174
EW,ET,2013-11-15,0.36232
EW,GPP,2013-11-15,2.019662
EW,Rainf,2013-11-15,0.13003
EW,Tair,2013-11-15,2.864889
EW,ET,2014-11-15,0.302408
EW,GPP,2014-11-15,1.998448
EW,Rainf,2014-11-15,0.04504
EW,Tair,2014-11-15,5.755162
EW,ET,2015-11-15,0.280575
EW,GPP,2015-11-15,1.597198
EW,Rainf,2015-11-15,0.289624
EW,Tair,2015-11-15,-1.233091
EW,ET,2016-11-15,0.505782
EW,GPP,2016-11-15,1.844762
EW,Rainf,2016-11-15,0.42048
EW,Tair,2016-11-15,2.130386
EW,ET,2017-11-15,0.275639
EW,GPP,2017-11-15,2.117207
EW,Rainf,2017-11-15,0
EW,Tair,2017-11-15,3.182356
EW,ET,2018-11-15,0.395333
EW,GPP,2018-11-15,2.662896
EW,Rainf,2018-11-15,0
EW,Tair,2018-11-15,6.70418
EW,ET,2019-11-15,0.632883
EW,GPP,2019-11-15,1.899948
EW,Rainf,2019-11-15,0.452069
EW,Tair,2019-11-15,4.342053
EW,ET,2013-12-01,0.197235
EW,GPP,2013-12-01,1.952161
EW,Rainf,2013-12-01,0
EW,Tair,2013-12-01,1.943897
EW,ET,2014-12-01,0.277516
EW,GPP,2014-12-01,1.878217
EW,Rainf,2014-12-01,0.119239
EW,Tair,2014-12-01,-1.772524
EW,ET,2015-12-01,0.321702
EW,GPP,2015-12-01,1.849823
EW,Rainf,2015-12-01,0.215752
EW,Tair,2015-12-01,1.479463
EW,ET,2016-12-01,0.183677
EW,GPP,2016-12-01,1.916687
EW,Rainf,2016-12-01,0.001044
EW,Tair,2016-12-01,1.461888
EW,ET,2017-12-01,0.247681
EW,GPP,2017-12-01,2.012844
EW,Rainf,2017-12-01,0.001883
EW,Tair,2017-12-01,1.532048
EW,ET,2018-12-01,0.702466
EW,GPP,2018-12-01,2.47834
EW,Rainf,2018-12-01,0.500762
EW,Tair,2018-12-01,0.278855
EW,ET,2019-12-01,0.558911
EW,GPP,2019-12-01,2.05812
EW,Rainf,2019-12-01,0.385638
EW,Tair,2019-12-01,2.527151
EW,ET,2013-12-15,0.148186
EW,GPP,2013-12-15,1.835593
EW,Rainf,2013-12-15,0.00765
EW,Tair,2013-12-15,-1.886811
EW,ET,2014-12-15,0.292315
EW,GPP,2014-12-15,1.879073
EW,Rainf,2014-12-15,0.129909
EW,Tair,2014-12-15,0.072023
EW,ET,2015-12-15,0.177176
EW,GPP,2015-12-15,1.825677
EW,Rainf,2015-12-15,0
EW,Tair,2015-12-15,0.913719
EW,ET,2016-12-15,0.178534
EW,GPP,2016-12-15,1.809926
EW,Rainf,2016-12-15,0.008999
EW,Tair,2016-12-15,0.767588
EW,ET,2017-12-15,0.253782
EW,GPP,2017-12-15,1.961443
EW,Rainf,2017-12-15,0
EW,Tair,2017-12-15,3.119375
EW,ET,2018-12-15,0.295573
EW,GPP,2018-12-15,2.445614
EW,Rainf,2018-12-15,0
EW,Tair,2018-12-15,0.958501
EW,ET,2019-12-15,0.380878
EW,GPP,2019-12-15,1.966511
EW,Rainf,2019-12-15,0.259572
EW,Tair,2019-12-15,0.267943
12,ET,2013-01-01,0.120266
12,GPP,2013-01-01,0.947088
12,Rainf,2013-01-01,0.048651
12,Tair,2013-01-01,-6.986279
12,ET,2014-01-01,0.160615
12,GPP,2014-01-01,0.972671
12,Rainf,2014-01-01,0.006198
12,Tair,2014-01-01,-2.738319
12,ET,2015-01-01,0.196068
12,GPP,2015-01-01,0.936056
12,Rainf,2015-01-01,0.059181
12,Tair,2015-01-01,-1.317431
12,ET,2016-01-01,0.174061
12,GPP,2016-01-01,0.962505
12,Rainf,2016-01-01,0.049393
12,Tair,2016-01-01,-3.372445
12,ET,2017-01-01,0.131533
12,GPP,2017-01-01,1.013541
12,Rainf,2017-01-01,0.003448
12,Tair,2017-01-01,-1.792439
12,ET,2018-01-01,0.212813
12,GPP,2018-01-01,1.000803
12,Rainf,2018-01-01,0.058066
12,Tair,2018-01-01,-2.062181
12,ET,2019-01-01,0.194147
12,GPP,2019-01-01,0.949835
12,Rainf,2019-01-01,0.00964
12,Tair,2019-01-01,-1.848577
12,ET,2013-01-15,0.241985
12,GPP,2013-01-15,1.01984
12,Rainf,2013-01-15,0.141249
12,Tair,2013-01-15,-3.48403
12,ET,2014-01-15,0.225587
12,GPP,2014-01-15,1.027487
12,Rainf,2014-01-15,0.030624
12,Tair,2014-01-15,-0.443193
12,ET,2015-01-15,0.210113
12,GPP,2015-01-15,1.021067
12,Rainf,2015-01-15,0.015606
12,Tair,2015-01-15,-1.680859
12,ET,2016-01-15,0.120411
12,GPP,2016-01-15,0.996654
12,Rainf,2016-01-15,0
12,Tair,2016-01-15,-7.027265
12,ET,2017-01-15,0.376098
12,GPP,2017-01-15,1.084057
12,Rainf,2017-01-15,0.497865
12,Tair,2017-01-15,-3.966739
12,ET,2018-01-15,0.191063
12,GPP,2018-01-15,1.098416
12,Rainf,2018-01-15,0
12,Tair,2018-01-15,-3.005855
12,ET,2019-01-15,0.270202
12,GPP,2019-01-15,0.995856
12,Rainf,2019-01-15,0
12,Tair,2019-01-15,1.652026
12,ET,2013-02-01,0.15876
12,GPP,2013-02-01,1.071837
12,Rainf,2013-02-01,0.026785
12,Tair,2013-02-01,-3.454963
12,ET,2014-02-01,0.324196
12,GPP,2014-02-01,1.004538
12,Rainf,2014-02-01,0.110208
12,Tair,2014-02-01,-3.924862
12,ET,2015-02-01,0.390022
12,GPP,2015-02-01,1.057294
12,Rainf,2015-02-01,0
12,Tair,2015-02-01,0.991587
12,ET,2016-02-01,0.417982
12,GPP,2016-02-01,1.130002
12,Rainf,2016-02-01,0.195556
12,Tair,2016-02-01,0.01751
12,ET,2017-02-01,0.317836
12,GPP,2017-02-01,1.23986
12,Rainf,2017-02-01,0.067077
12,Tair,2017-02-01,-0.15107
12,ET,2018-02-01,0.288178
12,GPP,2018-02-01,1.358951
12,Rainf,2018-02-01,0
12,Tair,2018-02-01,-2.233825
12,ET,2019-02-01,0.32541
12,GPP,2019-02-01,0.967578
12,Rainf,2019-02-01,0.161665
12,Tair,2019-02-01,-2.292661
12,ET,2013-02-15,0.424153
12,GPP,2013-02-15,1.178663
12,Rainf,2013-02-15,0.212768
12,Tair,2013-02-15,0.251359
12,ET,2014-02-15,0.575403
12,GPP,2014-02-15,1.080601
12,Rainf,2014-02-15,0.283688
12,Tair,2014-02-15,2.333786
12,ET,2015-02-15,0.875646
12,GPP,2015-02-15,1.105999
12,Rainf,2015-02-15,0.880814
12,Tair,2015-02-15,1.324957
12,ET,2016-02-15,0.340842
12,GPP,2016-02-15,1.236385
12,Rainf,2016-02-15,0.075523
12,Tair,2016-02-15,0.956418
12,ET,2017-02-15,0.29543
12,GPP,2017-02-15,1.298828
12,Rainf,2017-02-15,0
12,Tair,2017-02-15,3.349634
12,ET,2018-02-15,0.352095
12,GPP,2018-02-15,1.430312
12,Rainf,2018-02-15,0
12,Tair,2018-02-15,2.9234
12,ET,2019-02-15,0.330003
12,GPP,2019-02-15,1.173996
12,Rainf,2019-02-15,0.003045
12,Tair,2019-02-15,4.806861
12,ET,2013-03-01,0.606513
12,GPP,2013-03-01,1.723031
12,Rainf,2013-03-01,0.125915
12,Tair,2013-03-01,5.218752
12,ET,2014-03-01,0.575364
12,GPP,2014-03-01,1.270219
12,Rainf,2014-03-01,0.027544
12,Tair,2014-03-01,5.38097
12,ET,2015-03-01,0.591463
12,GPP,2015-03-01,1.305438
12,Rainf,2015-03-01,0
12,Tair,2015-03-01,3.745112
12,ET,2016-03-01,0.37724
12,GPP,2016-03-01,1.369722
12,Rainf,2016-03-01,0
12,Tair,2016-03-01,5.01292
12,ET,2017-03-01,0.489707
12,GPP,2017-03-01,1.660143
12,Rainf,2017-03-01,0
12,Tair,2017-03-01,6.152434
12,ET,2018-03-01,1.503852
12,GPP,2018-03-01,1.374083
12,Rainf,2018-03-01,0.147679
12,Tair,2018-03-01,5.643938
12,ET,2019-03-01,0.490721
12,GPP,2019-03-01,1.383463
12,Rainf,2019-03-01,0
12,Tair,2019-03-01,9.202234
12,ET,2013-03-15,0.826549
12,GPP,2013-03-15,1.783539
12,Rainf,2013-03-15,0.275363
12,Tair,2013-03-15,6.637138
12,ET,2014-03-15,1.054691
12,GPP,2014-03-15,1.400357
12,Rainf,2014-03-15,0.214378
12,Tair,2014-03-15,13.606566
12,ET,2015-03-15,0.875909
12,GPP,2015-03-15,1.400313
12,Rainf,2015-03-15,0.000606
12,Tair,2015-03-15,12.27932
12,ET,2016-03-15,0.592449
12,GPP,2016-03-15,1.483785
12,Rainf,2016-03-15,0
12,Tair,2016-03-15,12.382272
12,ET,2017-03-15,0.965356
12,GPP,2017-03-15,1.624939
12,Rainf,2017-03-15,0.509712
12,Tair,2017-03-15,9.086363
12,ET,2018-03-15,2.133045
12,GPP,2018-03-15,1.412918
12,Rainf,2018-03-15,0
12,Tair,2018-03-15,13.040604
12,ET,2019-03-15,0.636533
12,GPP,2019-03-15,1.422787
12,Rainf,2019-03-15,0.052105
12,Tair,2019-03-15,11.727501
12,ET,2013-04-01,0.885672
12,GPP,2013-04-01,2.08034
12,Rainf,2013-04-01,0.025317
12,Tair,2013-04-01,8.892966
12,ET,2014-04-01,2.140008
12,GPP,2014-04-01,1.782899
12,Rainf,2014-04-01,0.879876
12,Tair,2014-04-01,15.49285
12,ET,2015-04-01,2.113002
12,GPP,2015-04-01,1.786266
12,Rainf,2015-04-01,2.342222
12,Tair,2015-04-01,10.37548
12,ET,2016-04-01,1.233955
12,GPP,2016-04-01,1.491181
12,Rainf,2016-04-01,0.609198
12,Tair,2016-04-01,13.686309
12,ET,2017-04-01,1.521482
12,GPP,2017-04-01,2.829369
12,Rainf,2017-04-01,0.494193
12,Tair,2017-04-01,14.395649
12,ET,2018-04-01,1.97334
12,GPP,2018-04-01,1.993159
12,Rainf,2018-04-01,2.202964
12,Tair,2018-04-01,11.735009
12,ET,2019-04-01,1.103077
12,GPP,2019-04-01,1.64715
12,Rainf,2019-04-01,0.36494
12,Tair,2019-04-01,14.043607
12,ET,2013-04-15,1.416279
12,GPP,2013-04-15,2.168853
12,Rainf,2013-04-15,0.174569
12,Tair,2013-04-15,15.249989
12,ET,2014-04-15,1.828442
12,GPP,2014-04-15,1.807791
12,Rainf,2014-04-15,0.304312
12,Tair,2014-04-15,17.359381
12,ET,2015-04-15,1.191537
12,GPP,2015-04-15,1.546904
12,Rainf,2015-04-15,0
12,Tair,2015-04-15,20.990145
12,ET,2016-04-15,1.271978
12,GPP,2016-04-15,1.45023
12,Rainf,2016-04-15,0.374354
12,Tair,2016-04-15,18.909454
12,ET,2017-04-15,1.72206
12,GPP,2017-04-15,2.628369
12,Rainf,2017-04-15,0
12,Tair,2017-04-15,19.227274
12,ET,2018-04-15,1.559957
12,GPP,2018-04-15,1.896053
12,Rainf,2018-04-15,0.380229
12,Tair,2018-04-15,21.381481
12,ET,2019-04-15,2.750217
12,GPP,2019-04-15,1.668968
12,Rainf,2019-04-15,2.558448
12,Tair,2019-04-15,17.573084
12,ET,2013-05-01,3.036478
12,GPP,2013-05-01,1.905044
12,Rainf,2013-05-01,1.588271
12,Tair,2013-05-01,20.219664
12,ET,2014-05-01,3.689385
12,GPP,2014-05-01,1.756155
12,Rainf,2014-05-01,2.107927
12,Tair,2014-05-01,17.759073
12,ET,2015-05-01,3.399959
12,GPP,2015-05-01,2.28046
12,Rainf,2015-05-01,3.120588
12,Tair,2015-05-01,17.999603
12,ET,2016-05-01,6.864856
12,GPP,2016-05-01,2.543499
12,Rainf,2016-05-01,4.968339
12,Tair,2016-05-01,18.611061
12,ET,2017-05-01,2.912935
12,GPP,2017-05-01,1.788643
12,Rainf,2017-05-01,1.397976
12,Tair,2017-05-01,20.620152
12,ET,2018-05-01,3.765907
12,GPP,2018-05-01,2.130145
12,Rainf,2018-05-01,2.530825
12,Tair,2018-05-01,22.731033
12,ET,2019-05-01,3.705472
12,GPP,2019-05-01,2.020729
12,Rainf,2019-05-01,2.237027
12,Tair,2019-05-01,22.511806
12,ET,2013-05-15,2.038571
12,GPP,2013-05-15,1.711102
12,Rainf,2013-05-15,0.356547
12,Tair,2013-05-15,23.221756
12,ET,2014-05-15,3.676777
12,GPP,2014-05-15,1.233792
12,Rainf,2014-05-15,1.515023
12,Tair,2014-05-15,25.398441
12,ET,2015-05-15,2.978998
12,GPP,2015-05-15,1.615335
12,Rainf,2015-05-15,1.004388
12,Tair,2015-05-15,25.382948
12,ET,2016-05-15,5.410225
12,GPP,2016-05-15,2.048775
12,Rainf,2016-05-15,0.341402
12,Tair,2016-05-15,23.274958
12,ET,2017-05-15,3.618037
12,GPP,2017-05-15,1.57194
12,Rainf,2017-05-15,2.22864
12,Tair,2017-05-15,25.063408
12,ET,2018-05-15,3.004476
12,GPP,2018-05-15,1.595264
12,Rainf,2018-05-15,0.91617
12,Tair,2018-05-15,25.894386
12,ET,2019-05-15,4.13635
12,GPP,2019-05-15,1.397205
12,Rainf,2019-05-15,2.156957
12,Tair,2019-05-15,27.074682
12,ET,2013-06-01,5.079192
12,GPP,2013-06-01,2.010987
12,Rainf,2013-06-01,0.535044
12,Tair,2013-06-01,23.282648
12,ET,2014-06-01,5.266903
12,GPP,2014-06-01,2.61241
12,Rainf,2014-06-01,1.271614
12,Tair,2014-06-01,23.7915
12,ET,2015-06-01,8.114557
12,GPP,2015-06-01,3.484132
12,Rainf,2015-06-01,3.008938
12,Tair,2015-06-01,24.317259
12,ET,2016-06-01,5.881378
12,GPP,2016-06-01,2.436972
12,Rainf,2016-06-01,1.552231
12,Tair,2016-06-01,23.436811
12,ET,2017-06-01,4.86777
12,GPP,2017-06-01,3.412992
12,Rainf,2017-06-01,0
12,Tair,2017-06-01,23.577806
12,ET,2018-06-01,5.496129
12,GPP,2018-06-01,2.230111
12,Rainf,2018-06-01,0.592295
12,Tair,2018-06-01,26.933525
12,ET,2019-06-01,5.932063
12,GPP,2019-06-01,2.867317
12,Rainf,2019-06-01,0.764279
12,Tair,2019-06-01,26.743553
12,ET,2013-06-15,7.783894
12,GPP,2013-06-15,1.979503
12,Rainf,2013-06-15,5.033958
12,Tair,2013-06-15,24.436954
12,ET,2014-06-15,6.68471
12,GPP,2014-06-15,2.612492
12,Rainf,2014-06-15,3.202207
12,Tair,2014-06-15,25.701813
12,ET,2015-06-15,5.201344
12,GPP,2015-06-15,3.787617
12,Rainf,2015-06-15,0
12,Tair,2015-06-15,24.848791
12,ET,2016-06-15,6.39479
12,GPP,2016-06-15,2.064059
12,Rainf,2016-06-15,1.977826
12,Tair,2016-06-15,26.603714
12,ET,2017-06-15,6.801855
12,GPP,2017-06-15,3.900426
12,Rainf,2017-06-15,2.32497
12,Tair,2017-06-15,25.889194
12,ET,2018-06-15,5.317269
12,GPP,2018-06-15,1.872721
12,Rainf,2018-06-15,0
12,Tair,2018-06-15,29.768522
12,ET,2019-06-15,5.084365
12,GPP,2019-06-15,2.512213
12,Rainf,2019-06-15,0
12,Tair,2019-06-15,28.234098
12,ET,2013-07-01,6.907351
12,GPP,2013-07-01,2.134666
12,Rainf,2013-07-01,10.264915
12,Tair,2013-07-01,27.145729
12,ET,2014-07-01,6.844668
12,GPP,2014-07-01,2.277578
12,Rainf,2014-07-01,3.372433
12,Tair,2014-07-01,27.431833
12,ET,2015-07-01,7.47163
12,GPP,2015-07-01,3.759169
12,Rainf,2015-07-01,2.620698
12,Tair,2015-07-01,27.023668
12,ET,2016-07-01,5.519016
12,GPP,2016-07-01,2.512372
12,Rainf,2016-07-01,1.742628
12,Tair,2016-07-01,27.306675
12,ET,2017-07-01,7.484579
12,GPP,2017-07-01,4.12602
12,Rainf,2017-07-01,5.878734
12,Tair,2017-07-01,28.882263
12,ET,2018-07-01,6.7182
12,GPP,2018-07-01,3.036911
12,Rainf,2018-07-01,6.179609
12,Tair,2018-07-01,28.587755
12,ET,2019-07-01,7.318444
12,GPP,2019-07-01,2.767494
12,Rainf,2019-07-01,5.215972
12,Tair,2019-07-01,28.876627
12,ET,2013-07-15,6.641268
12,GPP,2013-07-15,2.100139
12,Rainf,2013-07-15,3.413561
12,Tair,2013-07-15,27.926414
12,ET,2014-07-15,6.093977
12,GPP,2014-07-15,2.225975
12,Rainf,2014-07-15,2.145312
12,Tair,2014-07-15,28.871586
12,ET,2015-07-15,8.017213
12,GPP,2015-07-15,4.233668
12,Rainf,2015-07-15,7.763521
12,Tair,2015-07-15,27.827236
12,ET,2016-07-15,6.460968
12,GPP,2016-07-15,2.810982
12,Rainf,2016-07-15,12.520321
12,Tair,2016-07-15,27.372168
12,ET,2017-07-15,6.270498
12,GPP,2017-07-15,3.510046
12,Rainf,2017-07-15,3.597806
12,Tair,2017-07-15,29.17659
12,ET,2018-07-15,8.261955
12,GPP,2018-07-15,2.760789
12,Rainf,2018-07-15,12.997264
12,Tair,2018-07-15,32.052006
12,ET,2019-07-15,7.718542
12,GPP,2019-07-15,2.497456
12,Rainf,2019-07-15,5.238037
12,Tair,2019-07-15,32.219696
12,ET,2013-08-01,6.632889
12,GPP,2013-08-01,1.980523
12,Rainf,2013-08-01,3.346476
12,Tair,2013-08-01,28.969353
12,ET,2014-08-01,6.306555
12,GPP,2014-08-01,2.420279
12,Rainf,2014-08-01,3.146901
12,Tair,2014-08-01,27.151863
12,ET,2015-08-01,6.466088
12,GPP,2015-08-01,3.604034
12,Rainf,2015-08-01,1.599364
12,Tair,2015-08-01,28.428972
12,ET,2016-08-01,6.754789
12,GPP,2016-08-01,2.563071
12,Rainf,2016-08-01,4.48589
12,Tair,2016-08-01,28.484325
12,ET,2017-08-01,7.568624
12,GPP,2017-08-01,2.63253
12,Rainf,2017-08-01,7.176146
12,Tair,2017-08-01,31.771566
12,ET,2018-08-01,7.645849
12,GPP,2018-08-01,2.374456
12,Rainf,2018-08-01,8.057199
12,Tair,2018-08-01,32.2164
12,ET,2019-08-01,6.660185
12,GPP,2019-08-01,2.761768
12,Rainf,2019-08-01,7.067348
12,Tair,2019-08-01,29.931398
12,ET,2013-08-15,5.803214
12,GPP,2013-08-15,1.98352
12,Rainf,2013-08-15,2.615376
12,Tair,2013-08-15,25.88913
12,ET,2014-08-15,5.015364
12,GPP,2014-08-15,2.407232
12,Rainf,2014-08-15,1.469632
12,Tair,2014-08-15,25.454947
12,ET,2015-08-15,7.198921
12,GPP,2015-08-15,3.733978
12,Rainf,2015-08-15,3.732471
12,Tair,2015-08-15,25.871908
12,ET,2016-08-15,3.825415
12,GPP,2016-08-15,2.410784
12,Rainf,2016-08-15,0.293789
12,Tair,2016-08-15,25.703325
12,ET,2017-08-15,6.53329
12,GPP,2017-08-15,3.219046
12,Rainf,2017-08-15,5.104984
12,Tair,2017-08-15,27.348473
12,ET,2018-08-15,4.276665
12,GPP,2018-08-15,2.502819
12,Rainf,2018-08-15,0.152454
12,Tair,2018-08-15,28.787769
12,ET,2019-08-15,4.997614
12,GPP,2019-08-15,2.520802
12,Rainf,2019-08-15,0.352925
12,Tair,2019-08-15,27.96736
12,ET,2013-09-01,1.90861
12,GPP,2013-09-01,2.679029
12,Rainf,2013-09-01,0.513625
12,Tair,2013-09-01,22.579369
12,ET,2014-09-01,2.759509
12,GPP,2014-09-01,2.837588
12,Rainf,2014-09-01,2.519097
12,Tair,2014-09-01,22.621376
12,ET,2015-09-01,2.704933
12,GPP,2015-09-01,2.631427
12,Rainf,2015-09-01,3.015048
12,Tair,2015-09-01,22.418421
12,ET,2016-09-01,4.252309
12,GPP,2016-09-01,2.2289
12,Rainf,2016-09-01,1.349479
12,Tair,2016-09-01,24.729095
12,ET,2017-09-01,3.58919
12,GPP,2017-09-01,2.806865
12,Rainf,2017-09-01,0
12,Tair,2017-09-01,27.752756
12,ET,2018-09-01,1.505887
12,GPP,2018-09-01,2.026506
12,Rainf,2018-09-01,0.111534
12,Tair,2018-09-01,26.87541
12,ET,2019-09-01,2.284895
12,GPP,2019-09-01,1.715569
12,Rainf,2019-09-01,0.710087
12,Tair,2019-09-01,28.469391
12,ET,2013-09-15,1.720976
12,GPP,2013-09-15,2.734499
12,Rainf,2013-09-15,0.618619
12,Tair,2013-09-15,19.26362
12,ET,2014-09-15,2.110554
12,GPP,2014-09-15,2.850176
12,Rainf,2014-09-15,1.5425
12,Tair,2014-09-15,18.98667
12,ET,2015-09-15,2.439559
12,GPP,2015-09-15,2.786394
12,Rainf,2015-09-15,1.540058
12,Tair,2015-09-15,20.739538
12,ET,2016-09-15,3.06663
12,GPP,2016-09-15,2.45695
12,Rainf,2016-09-15,0.769687
12,Tair,2016-09-15,19.730946
12,ET,2017-09-15,3.591415
12,GPP,2017-09-15,3.116611
12,Rainf,2017-09-15,0.322824
12,Tair,2017-09-15,23.600664
12,ET,2018-09-15,1.241925
12,GPP,2018-09-15,2.528632
12,Rainf,2018-09-15,0
12,Tair,2018-09-15,20.836111
12,ET,2019-09-15,1.59903
12,GPP,2019-09-15,2.162363
12,Rainf,2019-09-15,0
12,Tair,2019-09-15,25.205889
12,ET,2013-10-01,1.695731
12,GPP,2013-10-01,1.794316
12,Rainf,2013-10-01,1.051092
12,Tair,2013-10-01,16.863108
12,ET,2014-10-01,1.059036
12,GPP,2014-10-01,1.950335
12,Rainf,2014-10-01,0.067949
12,Tair,2014-10-01,14.827954
12,ET,2015-10-01,1.779181
12,GPP,2015-10-01,2.508713
12,Rainf,2015-10-01,0.499063
12,Tair,2015-10-01,18.211941
12,ET,2016-10-01,1.470508
12,GPP,2016-10-01,1.396959
12,Rainf,2016-10-01,2.581043
12,Tair,2016-10-01,15.909461
12,ET,2017-10-01,1.946519
12,GPP,2017-10-01,2.21855
12,Rainf,2017-10-01,4.714244
12,Tair,2017-10-01,16.271135
12,ET,2018-10-01,1.771895
12,GPP,2018-10-01,2.964993
12,Rainf,2018-10-01,0.46147
12,Tair,2018-10-01,17.758781
12,ET,2019-10-01,1.818299
12,GPP,2019-10-01,2.086407
12,Rainf,2019-10-01,0.812919
12,Tair,2019-10-01,18.486406
12,ET,2013-10-15,0.845408
12,GPP,2013-10-15,1.696041
12,Rainf,2013-10-15,0.215292
12,Tair,2013-10-15,11.019564
12,ET,2014-10-15,1.662799
12,GPP,2014-10-15,1.728253
12,Rainf,2014-10-15,1.684708
12,Tair,2014-10-15,13.106893
12,ET,2015-10-15,1.496955
12,GPP,2015-10-15,2.337761
12,Rainf,2015-10-15,1.224247
12,Tair,2015-10-15,12.14535
12,ET,2016-10-15,1.13254
12,GPP,2016-10-15,1.185696
12,Rainf,2016-10-15,2.653669
12,Tair,2016-10-15,10.361539
12,ET,2017-10-15,0.869611
12,GPP,2017-10-15,2.295405
12,Rainf,2017-10-15,0.19305
12,Tair,2017-10-15,13.865292
12,ET,2018-10-15,1.395389
12,GPP,2018-10-15,2.841345
12,Rainf,2018-10-15,0.538246
12,Tair,2018-10-15,13.540933
12,ET,2019-10-15,1.287641
12,GPP,2019-10-15,2.080485
12,Rainf,2019-10-15,0.487443
12,Tair,2019-10-15,14.473215
12,ET,2013-11-01,0.524233
12,GPP,2013-11-01,1.403003
12,Rainf,2013-11-01,0.055852
12,Tair,2013-11-01,10.007006
12,ET,2014-11-01,0.623796
12,GPP,2014-11-01,1.039034
12,Rainf,2014-11-01,0.20829
12,Tair,2014-11-01,6.922338
12,ET,2015-11-01,0.901352
12,GPP,2015-11-01,0.906953
12,Rainf,2015-11-01,1.924306
12,Tair,2015-11-01,8.420046
12,ET,2016-11-01,0.266976
12,GPP,2016-11-01,1.218378
12,Rainf,2016-11-01,0
12,Tair,2016-11-01,7.061275
12,ET,2017-11-01,0.569008
12,GPP,2017-11-01,1.855874
12,Rainf,2017-11-01,0
12,Tair,2017-11-01,10.392966
12,ET,2018-11-01,0.713925
12,GPP,2018-11-01,2.468826
12,Rainf,2018-11-01,0
12,Tair,2018-11-01,11.145105
12,ET,2019-11-01,0.575793
12,GPP,2019-11-01,1.672202
12,Rainf,2019-11-01,0
12,Tair,2019-11-01,12.047416
12,ET,2013-11-15,0.368789
12,GPP,2013-11-15,1.264678
12,Rainf,2013-11-15,0.114171
12,Tair,2013-11-15,2.418846
12,ET,2014-11-15,0.38702
12,GPP,2014-11-15,0.954544
12,Rainf,2014-11-15,0.06425
12,Tair,2014-11-15,5.242868
12,ET,2015-11-15,0.281543
12,GPP,2015-11-15,0.780174
12,Rainf,2015-11-15,0.365971
12,Tair,2015-11-15,-2.018656
12,ET,2016-11-15,0.395687
12,GPP,2016-11-15,1.055124
12,Rainf,2016-11-15,0.595174
12,Tair,2016-11-15,1.284455
12,ET,2017-11-15,0.35179
12,GPP,2017-11-15,1.550105
12,Rainf,2017-11-15,0
12,Tair,2017-11-15,2.401384
12,ET,2018-11-15,0.619605
12,GPP,2018-11-15,2.404785
12,Rainf,2018-11-15,0
12,Tair,2018-11-15,5.98749
12,ET,2019-11-15,0.53463
12,GPP,2019-11-15,1.380932
12,Rainf,2019-11-15,0.482306
12,Tair,2019-11-15,3.197897
12,ET,2013-12-01,0.196049
12,GPP,2013-12-01,0.99382
12,Rainf,2013-12-01,0
12,Tair,2013-12-01,1.462666
12,ET,2014-12-01,0.231098
12,GPP,2014-12-01,0.957685
12,Rainf,2014-12-01,0.149454
12,Tair,2014-12-01,-2.168321
12,ET,2015-12-01,0.206459
12,GPP,2015-12-01,0.941505
12,Rainf,2015-12-01,0.177681
12,Tair,2015-12-01,0.551
12,ET,2016-12-01,0.200327
12,GPP,2016-12-01,1.166974
12,Rainf,2016-12-01,0.011068
12,Tair,2016-12-01,0.728644
12,ET,2017-12-01,0.300229
12,GPP,2017-12-01,1.334431
12,Rainf,2017-12-01,0.003388
12,Tair,2017-12-01,0.774547
12,ET,2018-12-01,0.560529
12,GPP,2018-12-01,2.227123
12,Rainf,2018-12-01,0.384618
12,Tair,2018-12-01,-0.628074
12,ET,2019-12-01,0.436146
12,GPP,2019-12-01,1.492688
12,Rainf,2019-12-01,0.404309
12,Tair,2019-12-01,1.633615
12,ET,2013-12-15,0.146798
12,GPP,2013-12-15,0.93301
12,Rainf,2013-12-15,0.008242
12,Tair,2013-12-15,-2.308978
12,ET,2014-12-15,0.229737
12,GPP,2014-12-15,0.954309
12,Rainf,2014-12-15,0.132998
12,Tair,2014-12-15,-0.464994
12,ET,2015-12-15,0.179656
12,GPP,2015-12-15,0.936292
12,Rainf,2015-12-15,0.00124
12,Tair,2015-12-15,0.176104
12,ET,2016-12-15,0.213949
12,GPP,2016-12-15,1.091223
12,Rainf,2016-12-15,0.067202
12,Tair,2016-12-15,0.165002
12,ET,2017-12-15,0.314488
12,GPP,2017-12-15,1.300716
12,Rainf,2017-12-15,0
12,Tair,2017-12-15,2.497972
12,ET,2018-12-15,0.448468
12,GPP,2018-12-15,2.183958
12,Rainf,2018-12-15,0
12,Tair,2018-12-15,0.162578
12,ET,2019-12-15,0.312835
12,GPP,2019-12-15,1.411207
12,Rainf,2019-12-15,0.272709
12,Tair,2019-12-15,-0.54586
